"idArticle";"idProduct";"English Name";"Local Name";"Exp.";"Exp. Name";"Price";"Language";"Condition";"Foil?";"Signed?";"Playset?";"Altered?";"Comments";"Amount";"onSale"
"388822998";"264822";"Army of the Damned";"Army of the Damned";"C13";"Commander 2013";"1.11";"1";"NM";"";"";"";"";"";"1";"1"
"388823070";"264873";"Avenger of Zendikar";"Avenger of Zendikar";"C13";"Commander 2013";"3.61";"1";"NM";"";"";"";"";"";"1";"1"
"388823122";"264384";"Derevi, Empyrial Tactician";"Derevi, Empyrial Tactician";"C13";"Commander 2013";"0.94";"1";"NM";"";"";"";"";"";"1";"1"
"388823128";"264758";"Gahiji, Honored One";"Gahiji, Honored One";"C13";"Commander 2013";"0.69";"1";"NM";"";"";"";"";"";"1";"1"
"388823048";"264857";"Inferno Titan";"Inferno Titan";"C13";"Commander 2013";"0.93";"1";"NM";"";"";"";"";"";"1";"1"
"388823132";"264382";"Jeleva, Nephalia's Scourge";"Jeleva, Nephalia's Scourge";"C13";"Commander 2013";"1.02";"1";"NM";"";"";"";"";"";"1";"1"
"388823137";"264759";"Marath, Will of the Wild";"Marath, Will of the Wild";"C13";"Commander 2013";"0.86";"1";"NM";"";"";"";"";"";"1";"1"
"388823139";"264929";"Mayael the Anima";"Mayael the Anima";"C13";"Commander 2013";"0.58";"1";"NM";"";"";"";"";"";"1";"1"
"388823143";"264760";"Nekusar, the Mindrazer";"Nekusar, the Mindrazer";"C13";"Commander 2013";"2.33";"1";"NM";"";"";"";"";"";"1";"1"
"388823146";"264761";"Oloro, Ageless Ascetic";"Oloro, Ageless Ascetic";"C13";"Commander 2013";"2.54";"1";"NM";"";"";"";"";"";"1";"1"
"388823148";"264383";"Prossh, Skyraider of Kher";"Prossh, Skyraider of Kher";"C13";"Commander 2013";"1.09";"1";"NM";"";"";"";"";"";"1";"1"
"388823099";"264898";"Rampaging Baloths";"Rampaging Baloths";"C13";"Commander 2013";"0.77";"1";"NM";"";"";"";"";"";"1";"1"
"388823151";"264762";"Roon of the Hidden Realm";"Roon of the Hidden Realm";"C13";"Commander 2013";"0.47";"1";"NM";"";"";"";"";"";"1";"1"
"388822949";"264784";"Serra Avatar";"Serra Avatar";"C13";"Commander 2013";"0.44";"1";"NM";"";"";"";"";"";"1";"1"
"388823161";"264941";"Sharuum the Hegemon";"Sharuum the Hegemon";"C13";"Commander 2013";"0.38";"1";"NM";"";"";"";"";"";"1";"1"
"388823163";"264763";"Shattergang Brothers";"Shattergang Brothers";"C13";"Commander 2013";"0.63";"1";"NM";"";"";"";"";"";"1";"1"
"388823169";"264945";"Sphinx of the Steel Wind";"Sphinx of the Steel Wind";"C13";"Commander 2013";"0.72";"1";"NM";"";"";"";"";"";"1";"1"
"388823172";"264764";"Sydri, Galvanic Genius";"Sydri, Galvanic Genius";"C13";"Commander 2013";"0.44";"1";"NM";"";"";"";"";"";"1";"1"
"388823174";"264950";"Thraximundar";"Thraximundar";"C13";"Commander 2013";"0.55";"1";"NM";"";"";"";"";"";"1";"1"
"388822929";"264720";"Act of Authority";"Act of Authority";"C13";"Commander 2013";"1.85";"1";"NM";"";"";"";"";"";"1";"1"
"388823112";"264907";"Aethermage's Touch";"Aethermage's Touch";"C13";"Commander 2013";"0.09";"1";"NM";"";"";"";"";"";"1";"1"
"388822932";"264721";"Angel of Finality";"Angel of Finality";"C13";"Commander 2013";"1.28";"1";"NM";"";"";"";"";"";"1";"1"
"388822958";"264790";"Arcane Melee";"Arcane Melee";"C13";"Commander 2013";"0.23";"1";"NM";"";"";"";"";"";"1";"1"
"388823181";"264908";"Augury Adept";"Augury Adept";"C13";"Commander 2013";"0.36";"1";"NM";"";"";"";"";"";"1";"1"
"388822960";"264792";"Azami, Lady of Scrolls";"Azami, Lady of Scrolls";"C13";"Commander 2013";"0.40";"1";"NM";"";"";"";"";"";"1";"1"
"388822999";"264736";"Baleful Force";"Baleful Force";"C13";"Commander 2013";"0.32";"1";"NM";"";"";"";"";"";"1";"1"
"388823072";"264751";"Bane of Progress";"Bane of Progress";"C13";"Commander 2013";"2.81";"1";"NM";"";"";"";"";"";"1";"1"
"388822961";"264793";"Blue Sun's Zenith";"Blue Sun's Zenith";"C13";"Commander 2013";"0.55";"1";"NM";"";"";"";"";"";"1";"1"
"388823073";"264875";"Brooding Saurian";"Brooding Saurian";"C13";"Commander 2013";"0.16";"1";"NM";"";"";"";"";"";"1";"1"
"388823034";"264847";"Capricious Efreet";"Capricious Efreet";"C13";"Commander 2013";"0.14";"1";"NM";"";"";"";"";"";"1";"1"
"388823035";"264848";"Charmbreaker Devils";"Charmbreaker Devils";"C13";"Commander 2013";"0.18";"1";"NM";"";"";"";"";"";"1";"1"
"388823116";"264912";"Charnelhoard Wurm";"Charnelhoard Wurm";"C13";"Commander 2013";"0.17";"1";"NM";"";"";"";"";"";"1";"1"
"388823193";"264960";"Conjurer's Closet";"Conjurer's Closet";"C13";"Commander 2013";"1.44";"1";"NM";"";"";"";"";"";"1";"1"
"388823243";"265001";"Contested Cliffs";"Contested Cliffs";"C13";"Commander 2013";"0.24";"1";"NM";"";"";"";"";"";"1";"1"
"388822935";"264774";"Cradle of Vitality";"Cradle of Vitality";"C13";"Commander 2013";"0.46";"1";"NM";"";"";"";"";"";"1";"1"
"388823036";"264849";"Crater Hellion";"Crater Hellion";"C13";"Commander 2013";"0.11";"1";"NM";"";"";"";"";"";"1";"1"
"388823194";"264961";"Crawlspace";"Crawlspace";"C13";"Commander 2013";"3.10";"1";"NM";"";"";"";"";"";"1";"1"
"388823118";"264914";"Cruel Ultimatum";"Cruel Ultimatum";"C13";"Commander 2013";"0.26";"1";"NM";"";"";"";"";"";"1";"1"
"388823119";"264915";"Death Grasp";"Death Grasp";"C13";"Commander 2013";"0.30";"1";"NM";"";"";"";"";"";"1";"1"
"388823120";"264916";"Deathbringer Thoctar";"Deathbringer Thoctar";"C13";"Commander 2013";"0.33";"1";"NM";"";"";"";"";"";"1";"1"
"388823001";"264823";"Decree of Pain";"Decree of Pain";"C13";"Commander 2013";"1.70";"1";"NM";"";"";"";"";"";"1";"1"
"388823182";"264918";"Divinity of Pride";"Divinity of Pride";"C13";"Commander 2013";"1.93";"1";"NM";"";"";"";"";"";"1";"1"
"388822970";"264730";"Djinn of Infinite Deceits";"Djinn of Infinite Deceits";"C13";"Commander 2013";"0.31";"1";"NM";"";"";"";"";"";"1";"1"
"388823196";"264963";"Druidic Satchel";"Druidic Satchel";"C13";"Commander 2013";"0.29";"1";"NM";"";"";"";"";"";"1";"1"
"388822971";"264800";"Dungeon Geists";"Dungeon Geists";"C13";"Commander 2013";"0.15";"1";"NM";"";"";"";"";"";"1";"1"
"388822972";"264801";"Echo Mage";"Echo Mage";"C13";"Commander 2013";"0.24";"1";"NM";"";"";"";"";"";"1";"1"
"388823004";"264826";"Endless Cockroaches";"Endless Cockroaches";"C13";"Commander 2013";"0.28";"1";"NM";"";"";"";"";"";"1";"1"
"388823006";"264827";"Endrek Sahr, Master Breeder";"Endrek Sahr, Master Breeder";"C13";"Commander 2013";"0.28";"1";"NM";"";"";"";"";"";"1";"1"
"388822938";"264775";"Eternal Dragon";"Eternal Dragon";"C13";"Commander 2013";"0.43";"1";"NM";"";"";"";"";"";"1";"1"
"388823197";"264765";"Eye of Doom";"Eye of Doom";"C13";"Commander 2013";"0.12";"1";"NM";"";"";"";"";"";"1";"1"
"388823008";"264738";"Fell Shepherd";"Fell Shepherd";"C13";"Commander 2013";"0.19";"1";"NM";"";"";"";"";"";"1";"1"
"388823125";"264920";"Fiery Justice";"Fiery Justice";"C13";"Commander 2013";"0.28";"1";"NM";"";"";"";"";"";"1";"1"
"388823126";"264921";"Filigree Angel";"Filigree Angel";"C13";"Commander 2013";"0.33";"1";"NM";"";"";"";"";"";"1";"1"
"388822940";"264777";"Flickerform";"Flickerform";"C13";"Commander 2013";"0.21";"1";"NM";"";"";"";"";"";"1";"1"
"388823081";"264882";"Foster";"Foster";"C13";"Commander 2013";"0.20";"1";"NM";"";"";"";"";"";"1";"1"
"388823041";"264745";"From the Ashes";"From the Ashes";"C13";"Commander 2013";"0.53";"1";"NM";"";"";"";"";"";"1";"1"
"388823044";"264854";"Goblin Sharpshooter";"Goblin Sharpshooter";"C13";"Commander 2013";"2.89";"1";"NM";"";"";"";"";"";"1";"1"
"388823009";"264829";"Greed";"Greed";"C13";"Commander 2013";"0.54";"1";"NM";"";"";"";"";"";"1";"1"
"388823253";"265015";"Grim Backwoods";"Grim Backwoods";"C13";"Commander 2013";"0.11";"1";"NM";"";"";"";"";"";"1";"1"
"388823256";"265018";"Homeward Path";"Homeward Path";"C13";"Commander 2013";"4.08";"1";"NM";"";"";"";"";"";"1";"1"
"388823084";"264885";"Hua Tuo, Honored Physician";"Hua Tuo, Honored Physician";"C13";"Commander 2013";"0.41";"1";"NM";"";"";"";"";"";"1";"1"
"388823085";"264886";"Hunted Troll";"Hunted Troll";"C13";"Commander 2013";"0.24";"1";"NM";"";"";"";"";"";"1";"1"
"388822976";"264731";"Illusionist's Gambit";"Illusionist's Gambit";"C13";"Commander 2013";"0.34";"1";"NM";"";"";"";"";"";"1";"1"
"388823047";"264856";"Incendiary Command";"Incendiary Command";"C13";"Commander 2013";"0.27";"1";"NM";"";"";"";"";"";"1";"1"
"388822977";"264805";"Jace's Archivist";"Jace's Archivist";"C13";"Commander 2013";"0.74";"1";"NM";"";"";"";"";"";"1";"1"
"388823200";"264964";"Jar of Eyeballs";"Jar of Eyeballs";"C13";"Commander 2013";"0.16";"1";"NM";"";"";"";"";"";"1";"1"
"388822942";"264779";"Karmic Guide";"Karmic Guide";"C13";"Commander 2013";"1.55";"1";"NM";"";"";"";"";"";"1";"1"
"388823087";"264888";"Kazandu Tuskcaller";"Kazandu Tuskcaller";"C13";"Commander 2013";"0.18";"1";"NM";"";"";"";"";"";"1";"1"
"388823264";"265030";"Kher Keep";"Kher Keep";"C13";"Commander 2013";"0.87";"1";"NM";"";"";"";"";"";"1";"1"
"388822943";"264780";"Kirtar's Wrath";"Kirtar's Wrath";"C13";"Commander 2013";"0.16";"1";"NM";"";"";"";"";"";"1";"1"
"388822944";"264781";"Kongming, ""Sleeping Dragon""";"Kongming, ""Sleeping Dragon""";"C13";"Commander 2013";"0.20";"1";"NM";"";"";"";"";"";"1";"1"
"388822978";"264806";"Lu Xun, Scholar General";"Lu Xun, Scholar General";"C13";"Commander 2013";"0.25";"1";"NM";"";"";"";"";"";"1";"1"
"388823049";"264858";"Magus of the Arena";"Magus of the Arena";"C13";"Commander 2013";"0.08";"1";"NM";"";"";"";"";"";"1";"1"
"388823050";"264859";"Mass Mutiny";"Mass Mutiny";"C13";"Commander 2013";"0.28";"1";"NM";"";"";"";"";"";"1";"1"
"388823203";"264966";"Mirari";"Mirari";"C13";"Commander 2013";"0.32";"1";"NM";"";"";"";"";"";"1";"1"
"388822945";"264782";"Mirror Entity";"Mirror Entity";"C13";"Commander 2013";"0.60";"1";"NM";"";"";"";"";"";"1";"1"
"388823051";"264860";"Molten Disaster";"Molten Disaster";"C13";"Commander 2013";"0.21";"1";"NM";"";"";"";"";"";"1";"1"
"388823269";"265034";"Mosswort Bridge";"Mosswort Bridge";"C13";"Commander 2013";"0.47";"1";"NM";"";"";"";"";"";"1";"1"
"388823185";"264931";"Murkfiend Liege";"Murkfiend Liege";"C13";"Commander 2013";"1.33";"1";"NM";"";"";"";"";"";"1";"1"
"388823204";"264967";"Myr Battlesphere";"Myr Battlesphere";"C13";"Commander 2013";"0.27";"1";"NM";"";"";"";"";"";"1";"1"
"388822946";"264724";"Mystic Barrier";"Mystic Barrier";"C13";"Commander 2013";"0.32";"1";"NM";"";"";"";"";"";"1";"1"
"388823092";"264753";"Naya Soulbeast";"Naya Soulbeast";"C13";"Commander 2013";"0.18";"1";"NM";"";"";"";"";"";"1";"1"
"388823206";"264968";"Nevinyrral's Disk";"Nevinyrral's Disk";"C13";"Commander 2013";"0.87";"1";"NM";"";"";"";"";"";"1";"1"
"388823014";"264740";"Ophiomancer";"Ophiomancer";"C13";"Commander 2013";"5.21";"1";"NM";"";"";"";"";"";"1";"1"
"388822981";"264732";"Order of Succession";"Order of Succession";"C13";"Commander 2013";"0.50";"1";"NM";"";"";"";"";"";"1";"1"
"388823095";"264895";"Phantom Nantuko";"Phantom Nantuko";"C13";"Commander 2013";"0.15";"1";"NM";"";"";"";"";"";"1";"1"
"388823016";"264834";"Phyrexian Delver";"Phyrexian Delver";"C13";"Commander 2013";"0.29";"1";"NM";"";"";"";"";"";"1";"1"
"388823214";"264974";"Plague Boiler";"Plague Boiler";"C13";"Commander 2013";"0.24";"1";"NM";"";"";"";"";"";"1";"1"
"388823019";"264741";"Price of Knowledge";"Price of Knowledge";"C13";"Commander 2013";"0.42";"1";"NM";"";"";"";"";"";"1";"1"
"388823097";"264754";"Primal Vigor";"Primal Vigor";"C13";"Commander 2013";"10.63";"1";"NM";"";"";"";"";"";"1";"1"
"388823100";"264899";"Ravenous Baloth";"Ravenous Baloth";"C13";"Commander 2013";"0.20";"1";"NM";"";"";"";"";"";"1";"1"
"388823153";"264935";"Rubinia Soulsinger";"Rubinia Soulsinger";"C13";"Commander 2013";"0.29";"1";"NM";"";"";"";"";"";"1";"1"
"388823022";"264839";"Sanguine Bond";"Sanguine Bond";"C13";"Commander 2013";"0.58";"1";"NM";"";"";"";"";"";"1";"1"
"388823216";"264976";"Seer's Sundial";"Seer's Sundial";"C13";"Commander 2013";"0.17";"1";"NM";"";"";"";"";"";"1";"1"
"388823157";"264938";"Sek'Kuar, Deathkeeper";"Sek'Kuar, Deathkeeper";"C13";"Commander 2013";"0.25";"1";"NM";"";"";"";"";"";"1";"1"
"388822948";"264725";"Serene Master";"Serene Master";"C13";"Commander 2013";"0.36";"1";"NM";"";"";"";"";"";"1";"1"
"388822985";"264812";"Sharding Sphinx";"Sharding Sphinx";"C13";"Commander 2013";"0.25";"1";"NM";"";"";"";"";"";"1";"1"
"388823105";"264902";"Silklash Spider";"Silklash Spider";"C13";"Commander 2013";"0.17";"1";"NM";"";"";"";"";"";"1";"1"
"388823107";"264756";"Spawning Grounds";"Spawning Grounds";"C13";"Commander 2013";"0.32";"1";"NM";"";"";"";"";"";"1";"1"
"388823167";"264944";"Spellbreaker Behemoth";"Spellbreaker Behemoth";"C13";"Commander 2013";"0.58";"1";"NM";"";"";"";"";"";"1";"1"
"388823170";"264946";"Spinal Embrace";"Spinal Embrace";"C13";"Commander 2013";"0.17";"1";"NM";"";"";"";"";"";"1";"1"
"388823220";"264980";"Spine of Ish Sah";"Spine of Ish Sah";"C13";"Commander 2013";"0.34";"1";"NM";"";"";"";"";"";"1";"1"
"388823187";"264947";"Spiteful Visions";"Spiteful Visions";"C13";"Commander 2013";"0.28";"1";"NM";"";"";"";"";"";"1";"1"
"388823289";"265060";"Springjack Pasture";"Springjack Pasture";"C13";"Commander 2013";"0.45";"1";"NM";"";"";"";"";"";"1";"1"
"388823055";"264864";"Stalking Vengeance";"Stalking Vengeance";"C13";"Commander 2013";"0.25";"1";"NM";"";"";"";"";"";"1";"1"
"388823056";"264865";"Starstorm";"Starstorm";"C13";"Commander 2013";"0.22";"1";"NM";"";"";"";"";"";"1";"1"
"388823023";"264840";"Stronghold Assassin";"Stronghold Assassin";"C13";"Commander 2013";"0.35";"1";"NM";"";"";"";"";"";"1";"1"
"388823058";"264746";"Sudden Demise";"Sudden Demise";"C13";"Commander 2013";"0.50";"1";"NM";"";"";"";"";"";"1";"1"
"388823024";"264841";"Sudden Spoiling";"Sudden Spoiling";"C13";"Commander 2013";"0.63";"1";"NM";"";"";"";"";"";"1";"1"
"388823222";"264766";"Surveyor's Scope";"Surveyor's Scope";"C13";"Commander 2013";"0.33";"1";"NM";"";"";"";"";"";"1";"1"
"388823225";"264983";"Sword of the Paruns";"Sword of the Paruns";"C13";"Commander 2013";"0.34";"1";"NM";"";"";"";"";"";"1";"1"
"388823226";"264984";"Temple Bell";"Temple Bell";"C13";"Commander 2013";"0.38";"1";"NM";"";"";"";"";"";"1";"1"
"388823110";"264757";"Tempt with Discovery";"Tempt with Discovery";"C13";"Commander 2013";"2.79";"1";"NM";"";"";"";"";"";"1";"1"
"388822952";"264726";"Tempt with Glory";"Tempt with Glory";"C13";"Commander 2013";"0.20";"1";"NM";"";"";"";"";"";"1";"1"
"388823026";"264742";"Tempt with Immortality";"Tempt with Immortality";"C13";"Commander 2013";"0.39";"1";"NM";"";"";"";"";"";"1";"1"
"388822989";"264733";"Tempt with Reflections";"Tempt with Reflections";"C13";"Commander 2013";"0.29";"1";"NM";"";"";"";"";"";"1";"1"
"388823059";"264747";"Tempt with Vengeance";"Tempt with Vengeance";"C13";"Commander 2013";"5.36";"1";"NM";"";"";"";"";"";"1";"1"
"388823227";"264985";"Thousand-Year Elixir";"Thousand-Year Elixir";"C13";"Commander 2013";"2.61";"1";"NM";"";"";"";"";"";"1";"1"
"388822991";"264734";"Tidal Force";"Tidal Force";"C13";"Commander 2013";"0.27";"1";"NM";"";"";"";"";"";"1";"1"
"388823061";"264867";"Tooth and Claw";"Tooth and Claw";"C13";"Commander 2013";"0.21";"1";"NM";"";"";"";"";"";"1";"1"
"388823229";"264987";"Tower of Fortunes";"Tower of Fortunes";"C13";"Commander 2013";"0.23";"1";"NM";"";"";"";"";"";"1";"1"
"388823027";"264743";"Toxic Deluge";"Toxic Deluge";"C13";"Commander 2013";"13.17";"1";"NM";"";"";"";"";"";"1";"1"
"388822992";"264735";"True-Name Nemesis";"True-Name Nemesis";"C13";"Commander 2013";"10.71";"1";"NM";"";"";"";"";"";"1";"1"
"388822954";"264727";"Unexpectedly Absent";"Unexpectedly Absent";"C13";"Commander 2013";"0.69";"1";"NM";"";"";"";"";"";"1";"1"
"388822993";"264817";"Uyo, Silent Prophet";"Uyo, Silent Prophet";"C13";"Commander 2013";"0.25";"1";"NM";"";"";"";"";"";"1";"1"
"388822955";"264787";"Wall of Reverence";"Wall of Reverence";"C13";"Commander 2013";"1.58";"1";"NM";"";"";"";"";"";"1";"1"
"388823063";"264869";"Warstorm Surge";"Warstorm Surge";"C13";"Commander 2013";"0.24";"1";"NM";"";"";"";"";"";"1";"1"
"388823232";"264990";"Well of Lost Dreams";"Well of Lost Dreams";"C13";"Commander 2013";"1.11";"1";"NM";"";"";"";"";"";"1";"1"
"388823064";"264870";"Where Ancients Tread";"Where Ancients Tread";"C13";"Commander 2013";"0.20";"1";"NM";"";"";"";"";"";"1";"1"
"388823065";"264749";"Widespread Panic";"Widespread Panic";"C13";"Commander 2013";"0.18";"1";"NM";"";"";"";"";"";"1";"1"
"388823066";"264871";"Wild Ricochet";"Wild Ricochet";"C13";"Commander 2013";"0.28";"1";"NM";"";"";"";"";"";"1";"1"
"388823067";"264750";"Witch Hunt";"Witch Hunt";"C13";"Commander 2013";"0.20";"1";"NM";"";"";"";"";"";"1";"1"
"388822956";"264788";"Wrath of God";"Wrath of God";"C13";"Commander 2013";"3.57";"1";"NM";"";"";"";"";"";"1";"1"
"388823123";"265357";"Derevi, Empyrial Tactician";"Derevi, Empyrial Tactician";"C13";"Commander 2013";"0.15";"1";"NM";"X";"";"";"";"";"1";"1"
"388823129";"265356";"Gahiji, Honored One";"Gahiji, Honored One";"C13";"Commander 2013";"0.14";"1";"NM";"X";"";"";"";"";"1";"1"
"388823133";"265355";"Jeleva, Nephalia's Scourge";"Jeleva, Nephalia's Scourge";"C13";"Commander 2013";"0.19";"1";"NM";"X";"";"";"";"";"1";"1"
"388823138";"265354";"Marath, Will of the Wild";"Marath, Will of the Wild";"C13";"Commander 2013";"0.20";"1";"NM";"X";"";"";"";"";"1";"1"
"388823140";"265353";"Mayael the Anima";"Mayael the Anima";"C13";"Commander 2013";"0.24";"1";"NM";"X";"";"";"";"";"1";"1"
"388823144";"265352";"Nekusar, the Mindrazer";"Nekusar, the Mindrazer";"C13";"Commander 2013";"0.19";"1";"NM";"X";"";"";"";"";"1";"1"
"388823147";"265351";"Oloro, Ageless Ascetic";"Oloro, Ageless Ascetic";"C13";"Commander 2013";"0.26";"1";"NM";"X";"";"";"";"";"1";"1"
"388823149";"265350";"Prossh, Skyraider of Kher";"Prossh, Skyraider of Kher";"C13";"Commander 2013";"0.24";"1";"NM";"X";"";"";"";"";"1";"1"
"388823152";"265349";"Roon of the Hidden Realm";"Roon of the Hidden Realm";"C13";"Commander 2013";"0.19";"1";"NM";"X";"";"";"";"";"1";"1"
"388823154";"265348";"Rubinia Soulsinger";"Rubinia Soulsinger";"C13";"Commander 2013";"0.17";"1";"NM";"X";"";"";"";"";"1";"1"
"388823159";"265347";"Sek'Kuar, Deathkeeper";"Sek'Kuar, Deathkeeper";"C13";"Commander 2013";"0.21";"1";"NM";"X";"";"";"";"";"1";"1"
"388823162";"265346";"Sharuum the Hegemon";"Sharuum the Hegemon";"C13";"Commander 2013";"0.18";"1";"NM";"X";"";"";"";"";"1";"1"
"388823164";"265345";"Shattergang Brothers";"Shattergang Brothers";"C13";"Commander 2013";"0.18";"1";"NM";"X";"";"";"";"";"1";"1"
"388823173";"265344";"Sydri, Galvanic Genius";"Sydri, Galvanic Genius";"C13";"Commander 2013";"0.28";"1";"NM";"X";"";"";"";"";"1";"1"
"388823175";"265343";"Thraximundar";"Thraximundar";"C13";"Commander 2013";"0.20";"1";"NM";"X";"";"";"";"";"1";"1"
"388823069";"264872";"Acidic Slime";"Acidic Slime";"C13";"Commander 2013";"0.16";"1";"NM";"";"";"";"";"";"1";"1"
"388822930";"264770";"Aerie Mystics";"Aerie Mystics";"C13";"Commander 2013";"0.08";"1";"NM";"";"";"";"";"";"1";"1"
"388822931";"264771";"Ajani's Pridemate";"Ajani's Pridemate";"C13";"Commander 2013";"0.41";"1";"NM";"";"";"";"";"";"1";"1"
"388823233";"264991";"Akoum Refuge";"Akoum Refuge";"C13";"Commander 2013";"0.10";"1";"NM";"";"";"";"";"";"1";"1"
"388822997";"264821";"Annihilate";"Annihilate";"C13";"Commander 2013";"0.06";"1";"NM";"";"";"";"";"";"1";"1"
"388823234";"264992";"Arcane Sanctum";"Arcane Sanctum";"C13";"Commander 2013";"0.28";"1";"NM";"";"";"";"";"";"1";"1"
"388822933";"264772";"Archangel";"Archangel";"C13";"Commander 2013";"0.08";"1";"NM";"";"";"";"";"";"1";"1"
"388822959";"264791";"Augur of Bolas";"Augur of Bolas";"C13";"Commander 2013";"0.42";"1";"NM";"";"";"";"";"";"1";"1"
"388822934";"264773";"Azorius Herald";"Azorius Herald";"C13";"Commander 2013";"0.12";"1";"NM";"";"";"";"";"";"1";"1"
"388823190";"264957";"Azorius Keyrune";"Azorius Keyrune";"C13";"Commander 2013";"0.15";"1";"NM";"";"";"";"";"";"1";"1"
"388823113";"264909";"Baleful Strix";"Baleful Strix";"C13";"Commander 2013";"2.73";"1";"NM";"";"";"";"";"";"1";"1"
"388823071";"264874";"Baloth Woodcrasher";"Baloth Woodcrasher";"C13";"Commander 2013";"0.12";"1";"NM";"";"";"";"";"";"1";"1"
"388823191";"264958";"Basalt Monolith";"Basalt Monolith";"C13";"Commander 2013";"1.19";"1";"NM";"";"";"";"";"";"1";"1"
"388823114";"264910";"Behemoth Sledge";"Behemoth Sledge";"C13";"Commander 2013";"0.21";"1";"NM";"";"";"";"";"";"1";"1"
"388823033";"264846";"Blood Rites";"Blood Rites";"C13";"Commander 2013";"0.07";"1";"NM";"";"";"";"";"";"1";"1"
"388823115";"264911";"Boros Charm";"Boros Charm";"C13";"Commander 2013";"1.71";"1";"NM";"";"";"";"";"";"1";"1"
"388822962";"264794";"Borrowing 100,000 Arrows";"Borrowing 100,000 Arrows";"C13";"Commander 2013";"0.22";"1";"NM";"";"";"";"";"";"1";"1"
"388822963";"264795";"Brilliant Plan";"Brilliant Plan";"C13";"Commander 2013";"0.13";"1";"NM";"";"";"";"";"";"1";"1"
"388823192";"264959";"Carnage Altar";"Carnage Altar";"C13";"Commander 2013";"0.12";"1";"NM";"";"";"";"";"";"1";"1"
"388822964";"264796";"Control Magic";"Control Magic";"C13";"Commander 2013";"0.38";"1";"NM";"";"";"";"";"";"1";"1"
"388823117";"264913";"Crosis's Charm";"Crosis's Charm";"C13";"Commander 2013";"0.22";"1";"NM";"";"";"";"";"";"1";"1"
"388823244";"265002";"Crumbling Necropolis";"Crumbling Necropolis";"C13";"Commander 2013";"0.26";"1";"NM";"";"";"";"";"";"1";"1"
"388823037";"264744";"Curse of Chaos";"Curse of Chaos";"C13";"Commander 2013";"0.16";"1";"NM";"";"";"";"";"";"1";"1"
"388822965";"264728";"Curse of Inertia";"Curse of Inertia";"C13";"Commander 2013";"0.11";"1";"NM";"";"";"";"";"";"1";"1"
"388823075";"264752";"Curse of Predation";"Curse of Predation";"C13";"Commander 2013";"0.24";"1";"NM";"";"";"";"";"";"1";"1"
"388823000";"264737";"Curse of Shallow Graves";"Curse of Shallow Graves";"C13";"Commander 2013";"0.18";"1";"NM";"";"";"";"";"";"1";"1"
"388822936";"264722";"Curse of the Forsaken";"Curse of the Forsaken";"C13";"Commander 2013";"0.22";"1";"NM";"";"";"";"";"";"1";"1"
"388823195";"264962";"Darksteel Ingot";"Darksteel Ingot";"C13";"Commander 2013";"0.15";"1";"NM";"";"";"";"";"";"1";"1"
"388822937";"264768";"Darksteel Mutation";"Darksteel Mutation";"C13";"Commander 2013";"0.84";"1";"NM";"";"";"";"";"";"1";"1"
"388823076";"264877";"Deadwood Treefolk";"Deadwood Treefolk";"C13";"Commander 2013";"0.15";"1";"NM";"";"";"";"";"";"1";"1"
"388822966";"264797";"Deceiver Exarch";"Deceiver Exarch";"C13";"Commander 2013";"0.36";"1";"NM";"";"";"";"";"";"1";"1"
"388823121";"264917";"Deepfire Elemental";"Deepfire Elemental";"C13";"Commander 2013";"0.12";"1";"NM";"";"";"";"";"";"1";"1"
"388823003";"264825";"Disciple of Griselbrand";"Disciple of Griselbrand";"C13";"Commander 2013";"0.10";"1";"NM";"";"";"";"";"";"1";"1"
"388822968";"264799";"Dismiss";"Dismiss";"C13";"Commander 2013";"0.19";"1";"NM";"";"";"";"";"";"1";"1"
"388822969";"264729";"Diviner Spirit";"Diviner Spirit";"C13";"Commander 2013";"0.11";"1";"NM";"";"";"";"";"";"1";"1"
"388823124";"264919";"Dromar's Charm";"Dromar's Charm";"C13";"Commander 2013";"0.21";"1";"NM";"";"";"";"";"";"1";"1"
"388823077";"264878";"Drumhunter";"Drumhunter";"C13";"Commander 2013";"0.20";"1";"NM";"";"";"";"";"";"1";"1"
"388823249";"265007";"Faerie Conclave";"Faerie Conclave";"C13";"Commander 2013";"0.53";"1";"NM";"";"";"";"";"";"1";"1"
"388823007";"264828";"Famine";"Famine";"C13";"Commander 2013";"0.17";"1";"NM";"";"";"";"";"";"1";"1"
"388823080";"264881";"Fecundity";"Fecundity";"C13";"Commander 2013";"0.94";"1";"NM";"";"";"";"";"";"1";"1"
"388822939";"264776";"Fiend Hunter";"Fiend Hunter";"C13";"Commander 2013";"0.13";"1";"NM";"";"";"";"";"";"1";"1"
"388823039";"264850";"Fireball";"Fireball";"C13";"Commander 2013";"0.14";"1";"NM";"";"";"";"";"";"1";"1"
"388823127";"264922";"Fires of Yavimaya";"Fires of Yavimaya";"C13";"Commander 2013";"0.13";"1";"NM";"";"";"";"";"";"1";"1"
"388822941";"264778";"Flickerwisp";"Flickerwisp";"C13";"Commander 2013";"0.66";"1";"NM";"";"";"";"";"";"1";"1"
"388822973";"264802";"Fog Bank";"Fog Bank";"C13";"Commander 2013";"0.60";"1";"NM";"";"";"";"";"";"1";"1"
"388823042";"264852";"Furnace Celebration";"Furnace Celebration";"C13";"Commander 2013";"0.10";"1";"NM";"";"";"";"";"";"1";"1"
"388823043";"264853";"Goblin Bombardment";"Goblin Bombardment";"C13";"Commander 2013";"2.23";"1";"NM";"";"";"";"";"";"1";"1"
"388823183";"264923";"Golgari Guildmage";"Golgari Guildmage";"C13";"Commander 2013";"0.09";"1";"NM";"";"";"";"";"";"1";"1"
"388823130";"264924";"Grixis Charm";"Grixis Charm";"C13";"Commander 2013";"0.14";"1";"NM";"";"";"";"";"";"1";"1"
"388822974";"264803";"Guard Gomazoa";"Guard Gomazoa";"C13";"Commander 2013";"0.20";"1";"NM";"";"";"";"";"";"1";"1"
"388823046";"264855";"Guttersnipe";"Guttersnipe";"C13";"Commander 2013";"0.28";"1";"NM";"";"";"";"";"";"1";"1"
"388822975";"264804";"Hada Spy Patrol";"Hada Spy Patrol";"C13";"Commander 2013";"0.11";"1";"NM";"";"";"";"";"";"1";"1"
"388823083";"264884";"Harmonize";"Harmonize";"C13";"Commander 2013";"0.60";"1";"NM";"";"";"";"";"";"1";"1"
"388823010";"264739";"Hooded Horror";"Hooded Horror";"C13";"Commander 2013";"0.07";"1";"NM";"";"";"";"";"";"1";"1"
"388823011";"264830";"Infest";"Infest";"C13";"Commander 2013";"0.11";"1";"NM";"";"";"";"";"";"1";"1"
"388823086";"264887";"Jade Mage";"Jade Mage";"C13";"Commander 2013";"0.22";"1";"NM";"";"";"";"";"";"1";"1"
"388823134";"264926";"Jund Charm";"Jund Charm";"C13";"Commander 2013";"0.31";"1";"NM";"";"";"";"";"";"1";"1"
"388823260";"265026";"Jungle Shrine";"Jungle Shrine";"C13";"Commander 2013";"0.28";"1";"NM";"";"";"";"";"";"1";"1"
"388823261";"265027";"Jwar Isle Refuge";"Jwar Isle Refuge";"C13";"Commander 2013";"0.32";"1";"NM";"";"";"";"";"";"1";"1"
"388823262";"265028";"Kazandu Refuge";"Kazandu Refuge";"C13";"Commander 2013";"0.12";"1";"NM";"";"";"";"";"";"1";"1"
"388823088";"264889";"Krosan Grip";"Krosan Grip";"C13";"Commander 2013";"1.24";"1";"NM";"";"";"";"";"";"1";"1"
"388823090";"264891";"Krosan Warchief";"Krosan Warchief";"C13";"Commander 2013";"0.21";"1";"NM";"";"";"";"";"";"1";"1"
"388823135";"264927";"Leafdrake Roost";"Leafdrake Roost";"C13";"Commander 2013";"0.09";"1";"NM";"";"";"";"";"";"1";"1"
"388823201";"264965";"Leonin Bladetrap";"Leonin Bladetrap";"C13";"Commander 2013";"0.06";"1";"NM";"";"";"";"";"";"1";"1"
"388823136";"264928";"Lim-Dûl's Vault";"Lim-Dûl's Vault";"C13";"Commander 2013";"2.85";"1";"NM";"";"";"";"";"";"1";"1"
"388823265";"265031";"Llanowar Reborn";"Llanowar Reborn";"C13";"Commander 2013";"0.18";"1";"NM";"";"";"";"";"";"1";"1"
"388823012";"264831";"Marrow Bats";"Marrow Bats";"C13";"Commander 2013";"0.07";"1";"NM";"";"";"";"";"";"1";"1"
"388823184";"264930";"Mistmeadow Witch";"Mistmeadow Witch";"C13";"Commander 2013";"0.11";"1";"NM";"";"";"";"";"";"1";"1"
"388823267";"265033";"Molten Slagheap";"Molten Slagheap";"C13";"Commander 2013";"0.15";"1";"NM";"";"";"";"";"";"1";"1"
"388823141";"264932";"Naya Charm";"Naya Charm";"C13";"Commander 2013";"0.21";"1";"NM";"";"";"";"";"";"1";"1"
"388823272";"265040";"New Benalia";"New Benalia";"C13";"Commander 2013";"0.10";"1";"NM";"";"";"";"";"";"1";"1"
"388823145";"264933";"Nivix Guildmage";"Nivix Guildmage";"C13";"Commander 2013";"0.16";"1";"NM";"";"";"";"";"";"1";"1"
"388823094";"264894";"One Dozen Eyes";"One Dozen Eyes";"C13";"Commander 2013";"0.09";"1";"NM";"";"";"";"";"";"1";"1"
"388822980";"264808";"Opportunity";"Opportunity";"C13";"Commander 2013";"0.06";"1";"NM";"";"";"";"";"";"1";"1"
"388823015";"264833";"Phthisis";"Phthisis";"C13";"Commander 2013";"0.08";"1";"NM";"";"";"";"";"";"1";"1"
"388823017";"264835";"Phyrexian Gargantua";"Phyrexian Gargantua";"C13";"Commander 2013";"0.07";"1";"NM";"";"";"";"";"";"1";"1"
"388823018";"264836";"Phyrexian Reclamation";"Phyrexian Reclamation";"C13";"Commander 2013";"1.28";"1";"NM";"";"";"";"";"";"1";"1"
"388822982";"264809";"Propaganda";"Propaganda";"C13";"Commander 2013";"5.84";"1";"NM";"";"";"";"";"";"1";"1"
"388822983";"264810";"Prosperity";"Prosperity";"C13";"Commander 2013";"0.24";"1";"NM";"";"";"";"";"";"1";"1"
"388823098";"264897";"Rain of Thorns";"Rain of Thorns";"C13";"Commander 2013";"0.07";"1";"NM";"";"";"";"";"";"1";"1"
"388822984";"264811";"Raven Familiar";"Raven Familiar";"C13";"Commander 2013";"0.20";"1";"NM";"";"";"";"";"";"1";"1"
"388822947";"264783";"Razor Hippogriff";"Razor Hippogriff";"C13";"Commander 2013";"0.06";"1";"NM";"";"";"";"";"";"1";"1"
"388823021";"264838";"Reckless Spite";"Reckless Spite";"C13";"Commander 2013";"0.12";"1";"NM";"";"";"";"";"";"1";"1"
"388823101";"264900";"Reincarnation";"Reincarnation";"C13";"Commander 2013";"0.26";"1";"NM";"";"";"";"";"";"1";"1"
"388823102";"264755";"Restore";"Restore";"C13";"Commander 2013";"0.19";"1";"NM";"";"";"";"";"";"1";"1"
"388823052";"264861";"Rough // Tumble";"Rough // Tumble";"C13";"Commander 2013";"0.18";"1";"NM";"";"";"";"";"";"1";"1"
"388823279";"265050";"Saltcrusted Steppe";"Saltcrusted Steppe";"C13";"Commander 2013";"0.21";"1";"NM";"";"";"";"";"";"1";"1"
"388823280";"265051";"Savage Lands";"Savage Lands";"C13";"Commander 2013";"0.28";"1";"NM";"";"";"";"";"";"1";"1"
"388823155";"264936";"Savage Twister";"Savage Twister";"C13";"Commander 2013";"0.17";"1";"NM";"";"";"";"";"";"1";"1"
"388823156";"264937";"Scarland Thrinax";"Scarland Thrinax";"C13";"Commander 2013";"0.03";"1";"NM";"";"";"";"";"";"1";"1"
"388823281";"265052";"Seaside Citadel";"Seaside Citadel";"C13";"Commander 2013";"0.33";"1";"NM";"";"";"";"";"";"1";"1"
"388823283";"265054";"Sejiri Refuge";"Sejiri Refuge";"C13";"Commander 2013";"0.18";"1";"NM";"";"";"";"";"";"1";"1"
"388823160";"264939";"Selesnya Charm";"Selesnya Charm";"C13";"Commander 2013";"0.31";"1";"NM";"";"";"";"";"";"1";"1"
"388823186";"264940";"Selesnya Guildmage";"Selesnya Guildmage";"C13";"Commander 2013";"0.10";"1";"NM";"";"";"";"";"";"1";"1"
"388822986";"264813";"Skyscribing";"Skyscribing";"C13";"Commander 2013";"0.21";"1";"NM";"";"";"";"";"";"1";"1"
"388823165";"264942";"Skyward Eye Prophets";"Skyward Eye Prophets";"C13";"Commander 2013";"0.08";"1";"NM";"";"";"";"";"";"1";"1"
"388823053";"264862";"Slice and Dice";"Slice and Dice";"C13";"Commander 2013";"0.10";"1";"NM";"";"";"";"";"";"1";"1"
"388823106";"264903";"Slice in Twain";"Slice in Twain";"C13";"Commander 2013";"0.09";"1";"NM";"";"";"";"";"";"1";"1"
"388823219";"264979";"Sol Ring";"Sol Ring";"C13";"Commander 2013";"1.43";"1";"NM";"";"";"";"";"";"1";"1"
"388823054";"264863";"Spitebellows";"Spitebellows";"C13";"Commander 2013";"0.07";"1";"NM";"";"";"";"";"";"1";"1"
"388823108";"264904";"Spoils of Victory";"Spoils of Victory";"C13";"Commander 2013";"0.30";"1";"NM";"";"";"";"";"";"1";"1"
"388823171";"264948";"Sprouting Thrinax";"Sprouting Thrinax";"C13";"Commander 2013";"0.16";"1";"NM";"";"";"";"";"";"1";"1"
"388822950";"264785";"Stonecloaker";"Stonecloaker";"C13";"Commander 2013";"0.16";"1";"NM";"";"";"";"";"";"1";"1"
"388822987";"264814";"Stormscape Battlemage";"Stormscape Battlemage";"C13";"Commander 2013";"0.10";"1";"NM";"";"";"";"";"";"1";"1"
"388822988";"264815";"Strategic Planning";"Strategic Planning";"C13";"Commander 2013";"0.15";"1";"NM";"";"";"";"";"";"1";"1"
"388823057";"264866";"Street Spasm";"Street Spasm";"C13";"Commander 2013";"0.08";"1";"NM";"";"";"";"";"";"1";"1"
"388823221";"264981";"Sun Droplet";"Sun Droplet";"C13";"Commander 2013";"0.64";"1";"NM";"";"";"";"";"";"1";"1"
"388822951";"264786";"Survival Cache";"Survival Cache";"C13";"Commander 2013";"0.17";"1";"NM";"";"";"";"";"";"1";"1"
"388823224";"264982";"Swiftfoot Boots";"Swiftfoot Boots";"C13";"Commander 2013";"0.45";"1";"NM";"";"";"";"";"";"1";"1"
"388823290";"265065";"Temple of the False God";"Temple of the False God";"C13";"Commander 2013";"0.16";"1";"NM";"";"";"";"";"";"1";"1"
"388823060";"264748";"Terra Ravager";"Terra Ravager";"C13";"Commander 2013";"0.10";"1";"NM";"";"";"";"";"";"1";"1"
"388823188";"264949";"Thopter Foundry";"Thopter Foundry";"C13";"Commander 2013";"0.71";"1";"NM";"";"";"";"";"";"1";"1"
"388823228";"264986";"Thunderstaff";"Thunderstaff";"C13";"Commander 2013";"0.16";"1";"NM";"";"";"";"";"";"1";"1"
"388823177";"264952";"Tower Gargoyle";"Tower Gargoyle";"C13";"Commander 2013";"0.04";"1";"NM";"";"";"";"";"";"1";"1"
"388823295";"265069";"Urza's Factory";"Urza's Factory";"C13";"Commander 2013";"0.14";"1";"NM";"";"";"";"";"";"1";"1"
"388823028";"264842";"Vampire Nighthawk";"Vampire Nighthawk";"C13";"Commander 2013";"0.47";"1";"NM";"";"";"";"";"";"1";"1"
"388823030";"264843";"Vile Requiem";"Vile Requiem";"C13";"Commander 2013";"0.11";"1";"NM";"";"";"";"";"";"1";"1"
"388823230";"264988";"Viseling";"Viseling";"C13";"Commander 2013";"0.24";"1";"NM";"";"";"";"";"";"1";"1"
"388823297";"265070";"Vitu-Ghazi, the City-Tree";"Vitu-Ghazi, the City-Tree";"C13";"Commander 2013";"0.13";"1";"NM";"";"";"";"";"";"1";"1"
"388823298";"265071";"Vivid Crag";"Vivid Crag";"C13";"Commander 2013";"0.16";"1";"NM";"";"";"";"";"";"1";"1"
"388823299";"265072";"Vivid Creek";"Vivid Creek";"C13";"Commander 2013";"0.24";"1";"NM";"";"";"";"";"";"1";"1"
"388823300";"265073";"Vivid Grove";"Vivid Grove";"C13";"Commander 2013";"0.17";"1";"NM";"";"";"";"";"";"1";"1"
"388823301";"265074";"Vivid Marsh";"Vivid Marsh";"C13";"Commander 2013";"0.22";"1";"NM";"";"";"";"";"";"1";"1"
"388823179";"264954";"Vizkopa Guildmage";"Vizkopa Guildmage";"C13";"Commander 2013";"0.38";"1";"NM";"";"";"";"";"";"1";"1"
"388823111";"264906";"Walker of the Grove";"Walker of the Grove";"C13";"Commander 2013";"0.14";"1";"NM";"";"";"";"";"";"1";"1"
"388823062";"264868";"War Cadence";"War Cadence";"C13";"Commander 2013";"0.14";"1";"NM";"";"";"";"";"";"1";"1"
"388822995";"264819";"Wash Out";"Wash Out";"C13";"Commander 2013";"0.73";"1";"NM";"";"";"";"";"";"1";"1"
"388823032";"264845";"Wight of Precinct Six";"Wight of Precinct Six";"C13";"Commander 2013";"0.14";"1";"NM";"";"";"";"";"";"1";"1"
"388822996";"264820";"Wonder";"Wonder";"C13";"Commander 2013";"0.20";"1";"NM";"";"";"";"";"";"1";"1"
"388822957";"264789";"Arcane Denial";"Arcane Denial";"C13";"Commander 2013";"0.97";"1";"NM";"";"";"";"";"";"1";"1"
"388823189";"264956";"Armillary Sphere";"Armillary Sphere";"C13";"Commander 2013";"0.10";"1";"NM";"";"";"";"";"";"1";"1"
"388823235";"264993";"Azorius Chancery";"Azorius Chancery";"C13";"Commander 2013";"0.17";"1";"NM";"";"";"";"";"";"1";"1"
"388823236";"264994";"Azorius Guildgate";"Azorius Guildgate";"C13";"Commander 2013";"0.14";"1";"NM";"";"";"";"";"";"1";"1"
"388823237";"264995";"Bant Panorama";"Bant Panorama";"C13";"Commander 2013";"0.15";"1";"NM";"";"";"";"";"";"1";"1"
"388823238";"264996";"Barren Moor";"Barren Moor";"C13";"Commander 2013";"0.16";"1";"NM";"";"";"";"";"";"1";"1"
"388823239";"264997";"Bojuka Bog";"Bojuka Bog";"C13";"Commander 2013";"1.54";"1";"NM";"";"";"";"";"";"1";"1"
"388823240";"264998";"Boros Garrison";"Boros Garrison";"C13";"Commander 2013";"0.16";"1";"NM";"";"";"";"";"";"1";"1"
"388823241";"264999";"Boros Guildgate";"Boros Guildgate";"C13";"Commander 2013";"0.17";"1";"NM";"";"";"";"";"";"1";"1"
"388823242";"265000";"Command Tower";"Command Tower";"C13";"Commander 2013";"0.76";"1";"NM";"";"";"";"";"";"1";"1"
"388823074";"264876";"Cultivate";"Cultivate";"C13";"Commander 2013";"0.75";"1";"NM";"";"";"";"";"";"1";"1"
"388822967";"264798";"Deep Analysis";"Deep Analysis";"C13";"Commander 2013";"0.27";"1";"NM";"";"";"";"";"";"1";"1"
"388823245";"265003";"Dimir Guildgate";"Dimir Guildgate";"C13";"Commander 2013";"0.17";"1";"NM";"";"";"";"";"";"1";"1"
"388823002";"264824";"Dirge of Dread";"Dirge of Dread";"C13";"Commander 2013";"0.10";"1";"NM";"";"";"";"";"";"1";"1"
"388823246";"265004";"Drifting Meadow";"Drifting Meadow";"C13";"Commander 2013";"0.13";"1";"NM";"";"";"";"";"";"1";"1"
"388823078";"264879";"Elvish Skysweeper";"Elvish Skysweeper";"C13";"Commander 2013";"0.08";"1";"NM";"";"";"";"";"";"1";"1"
"388823247";"265005";"Esper Panorama";"Esper Panorama";"C13";"Commander 2013";"0.20";"1";"NM";"";"";"";"";"";"1";"1"
"388823248";"265006";"Evolving Wilds";"Evolving Wilds";"C13";"Commander 2013";"0.19";"1";"NM";"";"";"";"";"";"1";"1"
"388823079";"264880";"Farhaven Elf";"Farhaven Elf";"C13";"Commander 2013";"0.34";"1";"NM";"";"";"";"";"";"1";"1"
"388823040";"264851";"Fissure Vent";"Fissure Vent";"C13";"Commander 2013";"0.07";"1";"NM";"";"";"";"";"";"1";"1"
"388823250";"265012";"Forgotten Cave";"Forgotten Cave";"C13";"Commander 2013";"0.21";"1";"NM";"";"";"";"";"";"1";"1"
"388823251";"265013";"Golgari Guildgate";"Golgari Guildgate";"C13";"Commander 2013";"0.16";"1";"NM";"";"";"";"";"";"1";"1"
"388823252";"265014";"Golgari Rot Farm";"Golgari Rot Farm";"C13";"Commander 2013";"0.14";"1";"NM";"";"";"";"";"";"1";"1"
"388823082";"264883";"Grazing Gladehart";"Grazing Gladehart";"C13";"Commander 2013";"0.14";"1";"NM";"";"";"";"";"";"1";"1"
"388823254";"265016";"Grixis Panorama";"Grixis Panorama";"C13";"Commander 2013";"0.18";"1";"NM";"";"";"";"";"";"1";"1"
"388823255";"265017";"Gruul Guildgate";"Gruul Guildgate";"C13";"Commander 2013";"0.13";"1";"NM";"";"";"";"";"";"1";"1"
"388823131";"264925";"Hull Breach";"Hull Breach";"C13";"Commander 2013";"0.61";"1";"NM";"";"";"";"";"";"1";"1"
"388823257";"265023";"Izzet Boilerworks";"Izzet Boilerworks";"C13";"Commander 2013";"0.20";"1";"NM";"";"";"";"";"";"1";"1"
"388823258";"265024";"Izzet Guildgate";"Izzet Guildgate";"C13";"Commander 2013";"0.12";"1";"NM";"";"";"";"";"";"1";"1"
"388823259";"265025";"Jund Panorama";"Jund Panorama";"C13";"Commander 2013";"0.21";"1";"NM";"";"";"";"";"";"1";"1"
"388823263";"265029";"Khalni Garden";"Khalni Garden";"C13";"Commander 2013";"0.16";"1";"NM";"";"";"";"";"";"1";"1"
"388823089";"264890";"Krosan Tusker";"Krosan Tusker";"C13";"Commander 2013";"0.16";"1";"NM";"";"";"";"";"";"1";"1"
"388823266";"265032";"Lonely Sandbar";"Lonely Sandbar";"C13";"Commander 2013";"0.18";"1";"NM";"";"";"";"";"";"1";"1"
"388822979";"264807";"Mnemonic Wall";"Mnemonic Wall";"C13";"Commander 2013";"0.15";"1";"NM";"";"";"";"";"";"1";"1"
"388823091";"264892";"Mold Shambler";"Mold Shambler";"C13";"Commander 2013";"0.06";"1";"NM";"";"";"";"";"";"1";"1"
"388823271";"265039";"Naya Panorama";"Naya Panorama";"C13";"Commander 2013";"0.23";"1";"NM";"";"";"";"";"";"1";"1"
"388823093";"264893";"Night Soil";"Night Soil";"C13";"Commander 2013";"0.51";"1";"NM";"";"";"";"";"";"1";"1"
"388823013";"264832";"Nightscape Familiar";"Nightscape Familiar";"C13";"Commander 2013";"0.30";"1";"NM";"";"";"";"";"";"1";"1"
"388823208";"264969";"Nihil Spellbomb";"Nihil Spellbomb";"C13";"Commander 2013";"0.70";"1";"NM";"";"";"";"";"";"1";"1"
"388823209";"264970";"Obelisk of Esper";"Obelisk of Esper";"C13";"Commander 2013";"0.15";"1";"NM";"";"";"";"";"";"1";"1"
"388823210";"264971";"Obelisk of Grixis";"Obelisk of Grixis";"C13";"Commander 2013";"0.19";"1";"NM";"";"";"";"";"";"1";"1"
"388823211";"264972";"Obelisk of Jund";"Obelisk of Jund";"C13";"Commander 2013";"0.19";"1";"NM";"";"";"";"";"";"1";"1"
"388823273";"264767";"Opal Palace";"Opal Palace";"C13";"Commander 2013";"0.18";"1";"NM";"";"";"";"";"";"1";"1"
"388823274";"265041";"Orzhov Basilica";"Orzhov Basilica";"C13";"Commander 2013";"0.22";"1";"NM";"";"";"";"";"";"1";"1"
"388823275";"265042";"Orzhov Guildgate";"Orzhov Guildgate";"C13";"Commander 2013";"0.19";"1";"NM";"";"";"";"";"";"1";"1"
"388823213";"264973";"Pilgrim's Eye";"Pilgrim's Eye";"C13";"Commander 2013";"0.18";"1";"NM";"";"";"";"";"";"1";"1"
"388823096";"264896";"Presence of Gond";"Presence of Gond";"C13";"Commander 2013";"0.32";"1";"NM";"";"";"";"";"";"1";"1"
"388823215";"264975";"Pristine Talisman";"Pristine Talisman";"C13";"Commander 2013";"0.22";"1";"NM";"";"";"";"";"";"1";"1"
"388823020";"264837";"Quagmire Druid";"Quagmire Druid";"C13";"Commander 2013";"0.07";"1";"NM";"";"";"";"";"";"1";"1"
"388823276";"265047";"Rakdos Carnarium";"Rakdos Carnarium";"C13";"Commander 2013";"0.12";"1";"NM";"";"";"";"";"";"1";"1"
"388823277";"265048";"Rakdos Guildgate";"Rakdos Guildgate";"C13";"Commander 2013";"0.13";"1";"NM";"";"";"";"";"";"1";"1"
"388823150";"264934";"Rakeclaw Gargantuan";"Rakeclaw Gargantuan";"C13";"Commander 2013";"0.08";"1";"NM";"";"";"";"";"";"1";"1"
"388823278";"265049";"Rupture Spire";"Rupture Spire";"C13";"Commander 2013";"0.12";"1";"NM";"";"";"";"";"";"1";"1"
"388823104";"264901";"Sakura-Tribe Elder";"Sakura-Tribe Elder";"C13";"Commander 2013";"0.52";"1";"NM";"";"";"";"";"";"1";"1"
"388823282";"265053";"Secluded Steppe";"Secluded Steppe";"C13";"Commander 2013";"0.19";"1";"NM";"";"";"";"";"";"1";"1"
"388823284";"265055";"Selesnya Guildgate";"Selesnya Guildgate";"C13";"Commander 2013";"0.17";"1";"NM";"";"";"";"";"";"1";"1"
"388823285";"265056";"Selesnya Sanctuary";"Selesnya Sanctuary";"C13";"Commander 2013";"0.15";"1";"NM";"";"";"";"";"";"1";"1"
"388823217";"264977";"Selesnya Signet";"Selesnya Signet";"C13";"Commander 2013";"0.20";"1";"NM";"";"";"";"";"";"1";"1"
"388823286";"265057";"Simic Guildgate";"Simic Guildgate";"C13";"Commander 2013";"0.17";"1";"NM";"";"";"";"";"";"1";"1"
"388823218";"264978";"Simic Signet";"Simic Signet";"C13";"Commander 2013";"0.23";"1";"NM";"";"";"";"";"";"1";"1"
"388823287";"265058";"Slippery Karst";"Slippery Karst";"C13";"Commander 2013";"0.22";"1";"NM";"";"";"";"";"";"1";"1"
"388823288";"265059";"Smoldering Crater";"Smoldering Crater";"C13";"Commander 2013";"0.19";"1";"NM";"";"";"";"";"";"1";"1"
"388823166";"264943";"Soul Manipulation";"Soul Manipulation";"C13";"Commander 2013";"0.15";"1";"NM";"";"";"";"";"";"1";"1"
"388823109";"264905";"Sprouting Vines";"Sprouting Vines";"C13";"Commander 2013";"0.14";"1";"NM";"";"";"";"";"";"1";"1"
"388823291";"265066";"Terramorphic Expanse";"Terramorphic Expanse";"C13";"Commander 2013";"0.09";"1";"NM";"";"";"";"";"";"1";"1"
"388822990";"264816";"Thornwind Faeries";"Thornwind Faeries";"C13";"Commander 2013";"0.07";"1";"NM";"";"";"";"";"";"1";"1"
"388823176";"264951";"Tidehollow Strix";"Tidehollow Strix";"C13";"Commander 2013";"0.16";"1";"NM";"";"";"";"";"";"1";"1"
"388823292";"265067";"Tranquil Thicket";"Tranquil Thicket";"C13";"Commander 2013";"0.15";"1";"NM";"";"";"";"";"";"1";"1"
"388823293";"265068";"Transguild Promenade";"Transguild Promenade";"C13";"Commander 2013";"0.25";"1";"NM";"";"";"";"";"";"1";"1"
"388823178";"264953";"Valley Rannet";"Valley Rannet";"C13";"Commander 2013";"0.06";"1";"NM";"";"";"";"";"";"1";"1"
"388823031";"264844";"Viscera Seer";"Viscera Seer";"C13";"Commander 2013";"2.09";"1";"NM";"";"";"";"";"";"1";"1"
"388822994";"264818";"Vision Skeins";"Vision Skeins";"C13";"Commander 2013";"0.20";"1";"NM";"";"";"";"";"";"1";"1"
"388823231";"264989";"Wayfarer's Bauble";"Wayfarer's Bauble";"C13";"Commander 2013";"0.16";"1";"NM";"";"";"";"";"";"1";"1"
"388823180";"264955";"Winged Coatl";"Winged Coatl";"C13";"Commander 2013";"0.16";"1";"NM";"";"";"";"";"";"1";"1"
"388823322";"265011";"Forest";"Forest";"C13";"Commander 2013";"0.09";"1";"NM";"";"";"";"";"";"1";"1"
"388823321";"265010";"Forest";"Forest";"C13";"Commander 2013";"0.18";"1";"NM";"";"";"";"";"";"1";"1"
"388823320";"265009";"Forest";"Forest";"C13";"Commander 2013";"0.11";"1";"NM";"";"";"";"";"";"1";"1"
"388823319";"265008";"Forest";"Forest";"C13";"Commander 2013";"0.09";"1";"NM";"";"";"";"";"";"1";"1"
"388823310";"265022";"Island";"Island";"C13";"Commander 2013";"0.12";"1";"NM";"";"";"";"";"";"1";"1"
"388823309";"265021";"Island";"Island";"C13";"Commander 2013";"0.09";"1";"NM";"";"";"";"";"";"1";"1"
"388823308";"265020";"Island";"Island";"C13";"Commander 2013";"0.10";"1";"NM";"";"";"";"";"";"1";"1"
"388823307";"265019";"Island";"Island";"C13";"Commander 2013";"0.11";"1";"NM";"";"";"";"";"";"1";"1"
"388823317";"265037";"Mountain";"Mountain";"C13";"Commander 2013";"0.05";"1";"NM";"";"";"";"";"";"1";"1"
"388823316";"265036";"Mountain";"Mountain";"C13";"Commander 2013";"0.07";"1";"NM";"";"";"";"";"";"1";"1"
"388823315";"265035";"Mountain";"Mountain";"C13";"Commander 2013";"0.06";"1";"NM";"";"";"";"";"";"1";"1"
"388823318";"265038";"Mountain";"Mountain";"C13";"Commander 2013";"0.05";"1";"NM";"";"";"";"";"";"1";"1"
"388823306";"265046";"Plains";"Plains";"C13";"Commander 2013";"0.10";"1";"NM";"";"";"";"";"";"1";"1"
"388823305";"265045";"Plains";"Plains";"C13";"Commander 2013";"0.12";"1";"NM";"";"";"";"";"";"1";"1"
"388823303";"265044";"Plains";"Plains";"C13";"Commander 2013";"0.11";"1";"NM";"";"";"";"";"";"1";"1"
"388823302";"265043";"Plains";"Plains";"C13";"Commander 2013";"0.13";"1";"NM";"";"";"";"";"";"1";"1"
"388823314";"265064";"Swamp";"Swamp";"C13";"Commander 2013";"0.12";"1";"NM";"";"";"";"";"";"1";"1"
"388823313";"265063";"Swamp";"Swamp";"C13";"Commander 2013";"0.09";"1";"NM";"";"";"";"";"";"1";"1"
"388823312";"265062";"Swamp";"Swamp";"C13";"Commander 2013";"0.11";"1";"NM";"";"";"";"";"";"1";"1"
"388823311";"265061";"Swamp";"Swamp";"C13";"Commander 2013";"0.07";"1";"NM";"";"";"";"";"";"1";"1"
"388823613";"15151";"Akroma's Memorial";"Akroma's Memorial";"FUT";"Future Sight";"9.67";"1";"NM";"";"";"";"";"";"1";"1"
"388823432";"14993";"Angel of Salvation";"Angel of Salvation";"FUT";"Future Sight";"0.23";"1";"NM";"";"";"";"";"";"1";"1"
"388823435";"14995";"Barren Glory";"Barren Glory";"FUT";"Future Sight";"0.33";"1";"NM";"";"";"";"";"";"1";"1"
"388823596";"15134";"Baru, Fist of Krosa";"Baru, Fist of Krosa";"FUT";"Future Sight";"0.45";"1";"NM";"";"";"";"";"";"1";"1"
"388823515";"15072";"Bitter Ordeal";"Bitter Ordeal";"FUT";"Future Sight";"3.61";"1";"NM";"";"";"";"";"";"1";"1"
"388823516";"15073";"Bridge from Below";"Bridge from Below";"FUT";"Future Sight";"5.02";"1";"NM";"";"";"";"";"";"1";"1"
"388823614";"15152";"Cloud Key";"Cloud Key";"FUT";"Future Sight";"4.03";"1";"NM";"";"";"";"";"";"1";"1"
"388823615";"15153";"Coalition Relic";"Coalition Relic";"FUT";"Future Sight";"3.34";"1";"NM";"";"";"";"";"";"1";"1"
"388823621";"15159";"Darksteel Garrison";"Darksteel Garrison";"FUT";"Future Sight";"0.31";"1";"NM";"";"";"";"";"";"1";"1"
"388823454";"15013";"Daybreak Coronet";"Daybreak Coronet";"FUT";"Future Sight";"4.84";"1";"NM";"";"";"";"";"";"1";"1"
"388823616";"15154";"Epochrasite";"Epochrasite";"FUT";"Future Sight";"0.27";"1";"NM";"";"";"";"";"";"1";"1"
"388823562";"15118";"Force of Savagery";"Force of Savagery";"FUT";"Future Sight";"0.47";"1";"NM";"";"";"";"";"";"1";"1"
"388823499";"15058";"Gibbering Descent";"Gibbering Descent";"FUT";"Future Sight";"0.36";"1";"NM";"";"";"";"";"";"1";"1"
"388823610";"15148";"Glittering Wish";"Glittering Wish";"FUT";"Future Sight";"2.46";"1";"NM";"";"";"";"";"";"1";"1"
"388823630";"15167";"Graven Cairns";"Graven Cairns";"FUT";"Future Sight";"2.36";"1";"NM";"";"";"";"";"";"1";"1"
"388823631";"15168";"Grove of the Burnwillows";"Grove of the Burnwillows";"FUT";"Future Sight";"10.78";"1";"NM";"";"";"";"";"";"1";"1"
"388823563";"15119";"Heartwood Storyteller";"Heartwood Storyteller";"FUT";"Future Sight";"2.53";"1";"NM";"";"";"";"";"";"1";"1"
"388823633";"15169";"Horizon Canopy";"Horizon Canopy";"FUT";"Future Sight";"55.56";"1";"NM";"";"";"";"";"";"1";"1"
"388823456";"15015";"Imperial Mask";"Imperial Mask";"FUT";"Future Sight";"0.20";"1";"NM";"";"";"";"";"";"1";"1"
"388823440";"15000";"Intervention Pact";"Intervention Pact";"FUT";"Future Sight";"1.11";"1";"NM";"";"";"";"";"";"1";"1"
"388823611";"15149";"Jhoira of the Ghitu";"Jhoira of the Ghitu";"FUT";"Future Sight";"1.03";"1";"NM";"";"";"";"";"";"1";"1"
"388823522";"15079";"Korlash, Heir to Blackblade";"Korlash, Heir to Blackblade";"FUT";"Future Sight";"1.85";"1";"NM";"";"";"";"";"";"1";"1"
"388823484";"15043";"Linessa, Zephyr Mage";"Linessa, Zephyr Mage";"FUT";"Future Sight";"0.31";"1";"NM";"";"";"";"";"";"1";"1"
"388823472";"15031";"Maelstrom Djinn";"Maelstrom Djinn";"FUT";"Future Sight";"0.16";"1";"NM";"";"";"";"";"";"1";"1"
"388823505";"15062";"Magus of the Abyss";"Magus of the Abyss";"FUT";"Future Sight";"0.24";"1";"NM";"";"";"";"";"";"1";"1"
"388823473";"15032";"Magus of the Future";"Magus of the Future";"FUT";"Future Sight";"0.83";"1";"NM";"";"";"";"";"";"1";"1"
"388823444";"15004";"Magus of the Moat";"Magus of the Moat";"FUT";"Future Sight";"3.57";"1";"NM";"";"";"";"";"";"1";"1"
"388823536";"15093";"Magus of the Moon";"Magus of the Moon";"FUT";"Future Sight";"4.42";"1";"NM";"";"";"";"";"";"1";"1"
"388823586";"15124";"Magus of the Vineyard";"Magus of the Vineyard";"FUT";"Future Sight";"0.41";"1";"NM";"";"";"";"";"";"1";"1"
"388823537";"15094";"Molten Disaster";"Molten Disaster";"FUT";"Future Sight";"0.35";"1";"NM";"";"";"";"";"";"1";"1"
"388823600";"15138";"Muraganda Petroglyphs";"Muraganda Petroglyphs";"FUT";"Future Sight";"0.52";"1";"NM";"";"";"";"";"";"1";"1"
"388823507";"15064";"Nihilith";"Nihilith";"FUT";"Future Sight";"0.15";"1";"NM";"";"";"";"";"";"1";"1"
"388823634";"15170";"Nimbus Maze";"Nimbus Maze";"FUT";"Future Sight";"1.62";"1";"NM";"";"";"";"";"";"1";"1"
"388823488";"15047";"Nix";"Nix";"FUT";"Future Sight";"0.16";"1";"NM";"";"";"";"";"";"1";"1"
"388823461";"15020";"Oriss, Samite Guardian";"Oriss, Samite Guardian";"FUT";"Future Sight";"0.32";"1";"NM";"";"";"";"";"";"1";"1"
"388823475";"15034";"Pact of Negation";"Pact of Negation";"FUT";"Future Sight";"8.69";"1";"NM";"";"";"";"";"";"1";"1"
"388823538";"15095";"Pact of the Titan";"Pact of the Titan";"FUT";"Future Sight";"1.41";"1";"NM";"";"";"";"";"";"1";"1"
"388823539";"15096";"Pyromancer's Swath";"Pyromancer's Swath";"FUT";"Future Sight";"0.52";"1";"NM";"";"";"";"";"";"1";"1"
"388823604";"15142";"Quagnoth";"Quagnoth";"FUT";"Future Sight";"0.13";"1";"NM";"";"";"";"";"";"1";"1"
"388823591";"15129";"Rites of Flourishing";"Rites of Flourishing";"FUT";"Future Sight";"0.49";"1";"NM";"";"";"";"";"";"1";"1"
"388823635";"15171";"River of Tears";"River of Tears";"FUT";"Future Sight";"1.42";"1";"NM";"";"";"";"";"";"1";"1"
"388823542";"15099";"Scourge of Kher Ridges";"Scourge of Kher Ridges";"FUT";"Future Sight";"1.51";"1";"NM";"";"";"";"";"";"1";"1"
"388823448";"15008";"Scout's Warning";"Scout's Warning";"FUT";"Future Sight";"1.12";"1";"NM";"";"";"";"";"";"1";"1"
"388823464";"15023";"Seht's Tiger";"Seht's Tiger";"FUT";"Future Sight";"0.28";"1";"NM";"";"";"";"";"";"1";"1"
"388823554";"15111";"Shah of Naar Isle";"Shah of Naar Isle";"FUT";"Future Sight";"0.19";"1";"NM";"";"";"";"";"";"1";"1"
"388823491";"15050";"Shapeshifter's Marrow";"Shapeshifter's Marrow";"FUT";"Future Sight";"0.17";"1";"NM";"";"";"";"";"";"1";"1"
"388823511";"15068";"Shimian Specter";"Shimian Specter";"FUT";"Future Sight";"0.16";"1";"NM";"";"";"";"";"";"1";"1"
"388823513";"15070";"Slaughter Pact";"Slaughter Pact";"FUT";"Future Sight";"2.53";"1";"NM";"";"";"";"";"";"1";"1"
"388823612";"15150";"Sliver Legion";"Sliver Legion";"FUT";"Future Sight";"20.86";"1";"NM";"";"";"";"";"";"1";"1"
"388823492";"15051";"Spellweaver Volute";"Spellweaver Volute";"FUT";"Future Sight";"0.28";"1";"NM";"";"";"";"";"";"1";"1"
"388823556";"15113";"Steamflogger Boss";"Steamflogger Boss";"FUT";"Future Sight";"0.52";"1";"NM";"";"";"";"";"";"1";"1"
"388823593";"15131";"Summoner's Pact";"Summoner's Pact";"FUT";"Future Sight";"5.99";"1";"NM";"";"";"";"";"";"1";"1"
"388823477";"15036";"Take Possession";"Take Possession";"FUT";"Future Sight";"0.14";"1";"NM";"";"";"";"";"";"1";"1"
"388823607";"15145";"Tarmogoyf";"Tarmogoyf";"FUT";"Future Sight";"45.18";"1";"NM";"";"";"";"";"";"1";"1"
"388823559";"15115";"Tarox Bladewing";"Tarox Bladewing";"FUT";"Future Sight";"0.37";"1";"NM";"";"";"";"";"";"1";"1"
"388823560";"15116";"Thunderblade Charge";"Thunderblade Charge";"FUT";"Future Sight";"0.09";"1";"NM";"";"";"";"";"";"1";"1"
"388823526";"15083";"Tombstalker";"Tombstalker";"FUT";"Future Sight";"1.38";"1";"NM";"";"";"";"";"";"1";"1"
"388823620";"15158";"Veilstone Amulet";"Veilstone Amulet";"FUT";"Future Sight";"0.32";"1";"NM";"";"";"";"";"";"1";"1"
"388823479";"15038";"Venser, Shaper Savant";"Venser, Shaper Savant";"FUT";"Future Sight";"3.89";"1";"NM";"";"";"";"";"";"1";"1"
"388823622";"15160";"Whetwheel";"Whetwheel";"FUT";"Future Sight";"0.12";"1";"NM";"";"";"";"";"";"1";"1"
"388823529";"15086";"Arc Blade";"Arc Blade";"FUT";"Future Sight";"0.08";"1";"NM";"";"";"";"";"";"1";"1"
"388823481";"15040";"Arcanum Wings";"Arcanum Wings";"FUT";"Future Sight";"0.22";"1";"NM";"";"";"";"";"";"1";"1"
"388823450";"15010";"Aven Mindcensor";"Aven Mindcensor";"FUT";"Future Sight";"0.21";"1";"NM";"";"";"";"";"";"1";"1"
"388823545";"15102";"Bloodshot Trainee";"Bloodshot Trainee";"FUT";"Future Sight";"0.07";"1";"NM";"";"";"";"";"";"1";"1"
"388823546";"15103";"Boldwyr Intimidator";"Boldwyr Intimidator";"FUT";"Future Sight";"0.15";"1";"NM";"";"";"";"";"";"1";"1"
"388823483";"15042";"Bonded Fetch";"Bonded Fetch";"FUT";"Future Sight";"0.21";"1";"NM";"";"";"";"";"";"1";"1"
"388823453";"15012";"Bound in Silence";"Bound in Silence";"FUT";"Future Sight";"0.09";"1";"NM";"";"";"";"";"";"1";"1"
"388823597";"15135";"Centaur Omenreader";"Centaur Omenreader";"FUT";"Future Sight";"0.11";"1";"NM";"";"";"";"";"";"1";"1"
"388823531";"15088";"Char-Rumbler";"Char-Rumbler";"FUT";"Future Sight";"0.07";"1";"NM";"";"";"";"";"";"1";"1"
"388823436";"14996";"Chronomantic Escape";"Chronomantic Escape";"FUT";"Future Sight";"0.18";"1";"NM";"";"";"";"";"";"1";"1"
"388823466";"15025";"Cloudseeder";"Cloudseeder";"FUT";"Future Sight";"0.11";"1";"NM";"";"";"";"";"";"1";"1"
"388823467";"15026";"Cryptic Annelid";"Cryptic Annelid";"FUT";"Future Sight";"0.08";"1";"NM";"";"";"";"";"";"1";"1"
"388823561";"15117";"Cyclical Evolution";"Cyclical Evolution";"FUT";"Future Sight";"0.06";"1";"NM";"";"";"";"";"";"1";"1"
"388823623";"15161";"Dakmor Salvage";"Dakmor Salvage";"FUT";"Future Sight";"0.74";"1";"NM";"";"";"";"";"";"1";"1"
"388823468";"15027";"Delay";"Delay";"FUT";"Future Sight";"1.73";"1";"NM";"";"";"";"";"";"1";"1"
"388823629";"15166";"Dryad Arbor";"Dryad Arbor";"FUT";"Future Sight";"6.13";"1";"NM";"";"";"";"";"";"1";"1"
"388823437";"14997";"Dust of Moments";"Dust of Moments";"FUT";"Future Sight";"0.07";"1";"NM";"";"";"";"";"";"1";"1"
"388823547";"15104";"Emblem of the Warmind";"Emblem of the Warmind";"FUT";"Future Sight";"0.11";"1";"NM";"";"";"";"";"";"1";"1"
"388823438";"14998";"Even the Odds";"Even the Odds";"FUT";"Future Sight";"0.06";"1";"NM";"";"";"";"";"";"1";"1"
"388823498";"15057";"Festering March";"Festering March";"FUT";"Future Sight";"0.06";"1";"NM";"";"";"";"";"";"1";"1"
"388823519";"15076";"Fleshwrither";"Fleshwrither";"FUT";"Future Sight";"0.23";"1";"NM";"";"";"";"";"";"1";"1"
"388823455";"15014";"Goldmeadow Lookout";"Goldmeadow Lookout";"FUT";"Future Sight";"0.06";"1";"NM";"";"";"";"";"";"1";"1"
"388823535";"15092";"Haze of Rage";"Haze of Rage";"FUT";"Future Sight";"0.25";"1";"NM";"";"";"";"";"";"1";"1"
"388823599";"15137";"Imperiosaur";"Imperiosaur";"FUT";"Future Sight";"0.10";"1";"NM";"";"";"";"";"";"1";"1"
"388823624";"15162";"Keldon Megaliths";"Keldon Megaliths";"FUT";"Future Sight";"0.13";"1";"NM";"";"";"";"";"";"1";"1"
"388823585";"15123";"Llanowar Mentor";"Llanowar Mentor";"FUT";"Future Sight";"0.22";"1";"NM";"";"";"";"";"";"1";"1"
"388823626";"15163";"Llanowar Reborn";"Llanowar Reborn";"FUT";"Future Sight";"0.37";"1";"NM";"";"";"";"";"";"1";"1"
"388823443";"15003";"Lost Auramancers";"Lost Auramancers";"FUT";"Future Sight";"0.18";"1";"NM";"";"";"";"";"";"1";"1"
"388823506";"15063";"Minions' Murmurs";"Minions' Murmurs";"FUT";"Future Sight";"0.17";"1";"NM";"";"";"";"";"";"1";"1"
"388823460";"15019";"Mistmeadow Skulk";"Mistmeadow Skulk";"FUT";"Future Sight";"0.09";"1";"NM";"";"";"";"";"";"1";"1"
"388823474";"15033";"Mystic Speculation";"Mystic Speculation";"FUT";"Future Sight";"0.62";"1";"NM";"";"";"";"";"";"1";"1"
"388823601";"15139";"Nacatl War-Pride";"Nacatl War-Pride";"FUT";"Future Sight";"1.06";"1";"NM";"";"";"";"";"";"1";"1"
"388823487";"15046";"Narcomoeba";"Narcomoeba";"FUT";"Future Sight";"0.77";"1";"NM";"";"";"";"";"";"1";"1"
"388823627";"15164";"New Benalia";"New Benalia";"FUT";"Future Sight";"0.11";"1";"NM";"";"";"";"";"";"1";"1"
"388823603";"15141";"Phosphorescent Feast";"Phosphorescent Feast";"FUT";"Future Sight";"0.04";"1";"NM";"";"";"";"";"";"1";"1"
"388823509";"15066";"Pooling Venom";"Pooling Venom";"FUT";"Future Sight";"0.11";"1";"NM";"";"";"";"";"";"1";"1"
"388823463";"15022";"Ramosian Revivalist";"Ramosian Revivalist";"FUT";"Future Sight";"0.12";"1";"NM";"";"";"";"";"";"1";"1"
"388823589";"15127";"Ravaging Riftwurm";"Ravaging Riftwurm";"FUT";"Future Sight";"0.16";"1";"NM";"";"";"";"";"";"1";"1"
"388823476";"15035";"Reality Strobe";"Reality Strobe";"FUT";"Future Sight";"0.16";"1";"NM";"";"";"";"";"";"1";"1"
"388823590";"15128";"Riftsweeper";"Riftsweeper";"FUT";"Future Sight";"0.17";"1";"NM";"";"";"";"";"";"1";"1"
"388823490";"15049";"Second Wind";"Second Wind";"FUT";"Future Sight";"0.10";"1";"NM";"";"";"";"";"";"1";"1"
"388823543";"15100";"Shivan Sand-Mage";"Shivan Sand-Mage";"FUT";"Future Sight";"0.22";"1";"NM";"";"";"";"";"";"1";"1"
"388823512";"15069";"Skirk Ridge Exhumer";"Skirk Ridge Exhumer";"FUT";"Future Sight";"0.14";"1";"NM";"";"";"";"";"";"1";"1"
"388823555";"15112";"Skizzik Surger";"Skizzik Surger";"FUT";"Future Sight";"0.07";"1";"NM";"";"";"";"";"";"1";"1"
"388823617";"15155";"Sliversmith";"Sliversmith";"FUT";"Future Sight";"0.15";"1";"NM";"";"";"";"";"";"1";"1"
"388823524";"15081";"Snake Cult Initiation";"Snake Cult Initiation";"FUT";"Future Sight";"0.14";"1";"NM";"";"";"";"";"";"1";"1"
"388823618";"15156";"Soultether Golem";"Soultether Golem";"FUT";"Future Sight";"0.08";"1";"NM";"";"";"";"";"";"1";"1"
"388823544";"15101";"Sparkspitter";"Sparkspitter";"FUT";"Future Sight";"0.08";"1";"NM";"";"";"";"";"";"1";"1"
"388823605";"15143";"Spellwild Ouphe";"Spellwild Ouphe";"FUT";"Future Sight";"0.04";"1";"NM";"";"";"";"";"";"1";"1"
"388823493";"15052";"Spin into Myth";"Spin into Myth";"FUT";"Future Sight";"0.18";"1";"NM";"";"";"";"";"";"1";"1"
"388823449";"15009";"Spirit en-Dal";"Spirit en-Dal";"FUT";"Future Sight";"0.09";"1";"NM";"";"";"";"";"";"1";"1"
"388823558";"15114";"Storm Entity";"Storm Entity";"FUT";"Future Sight";"0.17";"1";"NM";"";"";"";"";"";"1";"1"
"388823525";"15082";"Street Wraith";"Street Wraith";"FUT";"Future Sight";"2.66";"1";"NM";"";"";"";"";"";"1";"1"
"388823514";"15071";"Stronghold Rats";"Stronghold Rats";"FUT";"Future Sight";"0.28";"1";"NM";"";"";"";"";"";"1";"1"
"388823619";"15157";"Sword of the Meek";"Sword of the Meek";"FUT";"Future Sight";"3.16";"1";"NM";"";"";"";"";"";"1";"1"
"388823628";"15165";"Tolaria West";"Tolaria West";"FUT";"Future Sight";"3.66";"1";"NM";"";"";"";"";"";"1";"1"
"388823594";"15132";"Utopia Mycon";"Utopia Mycon";"FUT";"Future Sight";"2.09";"1";"NM";"";"";"";"";"";"1";"1"
"388823527";"15084";"Witch's Mist";"Witch's Mist";"FUT";"Future Sight";"0.08";"1";"NM";"";"";"";"";"";"1";"1"
"388823528";"15085";"Yixlid Jailer";"Yixlid Jailer";"FUT";"Future Sight";"0.19";"1";"NM";"";"";"";"";"";"1";"1"
"388823636";"15172";"Zoetic Cavern";"Zoetic Cavern";"FUT";"Future Sight";"0.09";"1";"NM";"";"";"";"";"";"1";"1"
"388823434";"14994";"Augur il-Vec";"Augur il-Vec";"FUT";"Future Sight";"0.05";"1";"NM";"";"";"";"";"";"1";"1"
"388823496";"15055";"Augur of Skulls";"Augur of Skulls";"FUT";"Future Sight";"0.41";"1";"NM";"";"";"";"";"";"1";"1"
"388823465";"15024";"Aven Augur";"Aven Augur";"FUT";"Future Sight";"0.02";"1";"NM";"";"";"";"";"";"1";"1"
"388823452";"15011";"Blade of the Sixth Pride";"Blade of the Sixth Pride";"FUT";"Future Sight";"0.08";"1";"NM";"";"";"";"";"";"1";"1"
"388823482";"15041";"Blind Phantasm";"Blind Phantasm";"FUT";"Future Sight";"0.07";"1";"NM";"";"";"";"";"";"1";"1"
"388823530";"15087";"Bogardan Lancer";"Bogardan Lancer";"FUT";"Future Sight";"0.02";"1";"NM";"";"";"";"";"";"1";"1"
"388823497";"15056";"Cutthroat il-Dal";"Cutthroat il-Dal";"FUT";"Future Sight";"0.05";"1";"NM";"";"";"";"";"";"1";"1"
"388823517";"15074";"Death Rattle";"Death Rattle";"FUT";"Future Sight";"0.07";"1";"NM";"";"";"";"";"";"1";"1"
"388823518";"15075";"Deepcavern Imp";"Deepcavern Imp";"FUT";"Future Sight";"0.03";"1";"NM";"";"";"";"";"";"1";"1"
"388823598";"15136";"Edge of Autumn";"Edge of Autumn";"FUT";"Future Sight";"0.17";"1";"NM";"";"";"";"";"";"1";"1"
"388823532";"15089";"Emberwilde Augur";"Emberwilde Augur";"FUT";"Future Sight";"0.04";"1";"NM";"";"";"";"";"";"1";"1"
"388823533";"15090";"Fatal Attraction";"Fatal Attraction";"FUT";"Future Sight";"0.05";"1";"NM";"";"";"";"";"";"1";"1"
"388823548";"15105";"Flowstone Embrace";"Flowstone Embrace";"FUT";"Future Sight";"0.04";"1";"NM";"";"";"";"";"";"1";"1"
"388823549";"15106";"Fomori Nomad";"Fomori Nomad";"FUT";"Future Sight";"0.03";"1";"NM";"";"";"";"";"";"1";"1"
"388823469";"15028";"Foresee";"Foresee";"FUT";"Future Sight";"0.13";"1";"NM";"";"";"";"";"";"1";"1"
"388823520";"15077";"Frenzy Sliver";"Frenzy Sliver";"FUT";"Future Sight";"0.09";"1";"NM";"";"";"";"";"";"1";"1"
"388823534";"15091";"Gathan Raiders";"Gathan Raiders";"FUT";"Future Sight";"0.10";"1";"NM";"";"";"";"";"";"1";"1"
"388823550";"15107";"Ghostfire";"Ghostfire";"FUT";"Future Sight";"0.04";"1";"NM";"";"";"";"";"";"1";"1"
"388823439";"14999";"Gift of Granite";"Gift of Granite";"FUT";"Future Sight";"0.08";"1";"NM";"";"";"";"";"";"1";"1"
"388823500";"15059";"Grave Peril";"Grave Peril";"FUT";"Future Sight";"0.05";"1";"NM";"";"";"";"";"";"1";"1"
"388823521";"15078";"Grave Scrabbler";"Grave Scrabbler";"FUT";"Future Sight";"0.14";"1";"NM";"";"";"";"";"";"1";"1"
"388823551";"15108";"Grinning Ignus";"Grinning Ignus";"FUT";"Future Sight";"0.20";"1";"NM";"";"";"";"";"";"1";"1"
"388823552";"15109";"Henchfiend of Ukor";"Henchfiend of Ukor";"FUT";"Future Sight";"0.02";"1";"NM";"";"";"";"";"";"1";"1"
"388823553";"15110";"Homing Sliver";"Homing Sliver";"FUT";"Future Sight";"0.22";"1";"NM";"";"";"";"";"";"1";"1"
"388823501";"15060";"Ichor Slick";"Ichor Slick";"FUT";"Future Sight";"0.04";"1";"NM";"";"";"";"";"";"1";"1"
"388823470";"15029";"Infiltrator il-Kor";"Infiltrator il-Kor";"FUT";"Future Sight";"0.07";"1";"NM";"";"";"";"";"";"1";"1"
"388823441";"15001";"Judge Unworthy";"Judge Unworthy";"FUT";"Future Sight";"0.05";"1";"NM";"";"";"";"";"";"1";"1"
"388823564";"15120";"Kavu Primarch";"Kavu Primarch";"FUT";"Future Sight";"0.03";"1";"NM";"";"";"";"";"";"1";"1"
"388823442";"15002";"Knight of Sursi";"Knight of Sursi";"FUT";"Future Sight";"0.08";"1";"NM";"";"";"";"";"";"1";"1"
"388823471";"15030";"Leaden Fists";"Leaden Fists";"FUT";"Future Sight";"0.03";"1";"NM";"";"";"";"";"";"1";"1"
"388823565";"15121";"Llanowar Augur";"Llanowar Augur";"FUT";"Future Sight";"0.11";"1";"NM";"";"";"";"";"";"1";"1"
"388823577";"15122";"Llanowar Empath";"Llanowar Empath";"FUT";"Future Sight";"0.04";"1";"NM";"";"";"";"";"";"1";"1"
"388823485";"15044";"Logic Knot";"Logic Knot";"FUT";"Future Sight";"1.07";"1";"NM";"";"";"";"";"";"1";"1"
"388823504";"15061";"Lost Hours";"Lost Hours";"FUT";"Future Sight";"0.02";"1";"NM";"";"";"";"";"";"1";"1"
"388823457";"15016";"Lucent Liminid";"Lucent Liminid";"FUT";"Future Sight";"0.05";"1";"NM";"";"";"";"";"";"1";"1"
"388823458";"15017";"Lumithread Field";"Lumithread Field";"FUT";"Future Sight";"0.10";"1";"NM";"";"";"";"";"";"1";"1"
"388823459";"15018";"Lymph Sliver";"Lymph Sliver";"FUT";"Future Sight";"0.10";"1";"NM";"";"";"";"";"";"1";"1"
"388823445";"15005";"Marshaling Cry";"Marshaling Cry";"FUT";"Future Sight";"0.05";"1";"NM";"";"";"";"";"";"1";"1"
"388823523";"15080";"Mass of Ghouls";"Mass of Ghouls";"FUT";"Future Sight";"0.06";"1";"NM";"";"";"";"";"";"1";"1"
"388823486";"15045";"Mesmeric Sliver";"Mesmeric Sliver";"FUT";"Future Sight";"0.08";"1";"NM";"";"";"";"";"";"1";"1"
"388823602";"15140";"Nessian Courser";"Nessian Courser";"FUT";"Future Sight";"0.05";"1";"NM";"";"";"";"";"";"1";"1"
"388823508";"15065";"Oblivion Crown";"Oblivion Crown";"FUT";"Future Sight";"0.12";"1";"NM";"";"";"";"";"";"1";"1"
"388823462";"15021";"Patrician's Scorn";"Patrician's Scorn";"FUT";"Future Sight";"0.11";"1";"NM";"";"";"";"";"";"1";"1"
"388823587";"15125";"Petrified Plating";"Petrified Plating";"FUT";"Future Sight";"0.03";"1";"NM";"";"";"";"";"";"1";"1"
"388823510";"15067";"Putrid Cyclops";"Putrid Cyclops";"FUT";"Future Sight";"0.03";"1";"NM";"";"";"";"";"";"1";"1"
"388823588";"15126";"Quiet Disrepair";"Quiet Disrepair";"FUT";"Future Sight";"0.08";"1";"NM";"";"";"";"";"";"1";"1"
"388823540";"15097";"Riddle of Lightning";"Riddle of Lightning";"FUT";"Future Sight";"0.07";"1";"NM";"";"";"";"";"";"1";"1"
"388823541";"15098";"Rift Elemental";"Rift Elemental";"FUT";"Future Sight";"0.10";"1";"NM";"";"";"";"";"";"1";"1"
"388823446";"15006";"Saltskitter";"Saltskitter";"FUT";"Future Sight";"0.11";"1";"NM";"";"";"";"";"";"1";"1"
"388823447";"15007";"Samite Censer-Bearer";"Samite Censer-Bearer";"FUT";"Future Sight";"0.03";"1";"NM";"";"";"";"";"";"1";"1"
"388823489";"15048";"Sarcomite Myr";"Sarcomite Myr";"FUT";"Future Sight";"0.08";"1";"NM";"";"";"";"";"";"1";"1"
"388823606";"15144";"Sporoloth Ancient";"Sporoloth Ancient";"FUT";"Future Sight";"0.12";"1";"NM";"";"";"";"";"";"1";"1"
"388823592";"15130";"Sprout Swarm";"Sprout Swarm";"FUT";"Future Sight";"0.29";"1";"NM";"";"";"";"";"";"1";"1"
"388823608";"15146";"Thornweald Archer";"Thornweald Archer";"FUT";"Future Sight";"0.10";"1";"NM";"";"";"";"";"";"1";"1"
"388823478";"15037";"Unblinking Bleb";"Unblinking Bleb";"FUT";"Future Sight";"0.17";"1";"NM";"";"";"";"";"";"1";"1"
"388823494";"15053";"Vedalken Æthermage";"Vedalken Æthermage";"FUT";"Future Sight";"0.17";"1";"NM";"";"";"";"";"";"1";"1"
"388823480";"15039";"Venser's Diffusion";"Venser's Diffusion";"FUT";"Future Sight";"0.03";"1";"NM";"";"";"";"";"";"1";"1"
"388823609";"15147";"Virulent Sliver";"Virulent Sliver";"FUT";"Future Sight";"0.35";"1";"NM";"";"";"";"";"";"1";"1"
"388823495";"15054";"Whip-Spine Drake";"Whip-Spine Drake";"FUT";"Future Sight";"0.03";"1";"NM";"";"";"";"";"";"1";"1"
"388823595";"15133";"Wrap in Vigor";"Wrap in Vigor";"FUT";"Future Sight";"0.14";"1";"NM";"";"";"";"";"";"1";"1"
"388822826";"295068";"Aetherwind Basker";"Aetherwind Basker";"PAER";"Aether Revolt: Promos";"1.32";"1";"NM";"X";"";"";"";"";"1";"1"
"388822833";"295075";"Ajani Unyielding";"Ajani Unyielding";"PAER";"Aether Revolt: Promos";"4.16";"1";"NM";"X";"";"";"";"";"1";"1"
"388822800";"295073";"Exquisite Archangel";"Exquisite Archangel";"PAER";"Aether Revolt: Promos";"2.50";"1";"NM";"X";"";"";"";"";"1";"1"
"388822839";"295067";"Gonti's Aether Heart";"Gonti's Aether Heart";"PAER";"Aether Revolt: Promos";"1.44";"1";"NM";"X";"";"";"";"";"1";"1"
"388822840";"295066";"Heart of Kiran";"Heart of Kiran";"PAER";"Aether Revolt: Promos";"2.57";"1";"NM";"X";"";"";"";"";"1";"1"
"388822813";"295071";"Herald of Anguish";"Herald of Anguish";"PAER";"Aether Revolt: Promos";"2.89";"1";"NM";"X";"";"";"";"";"1";"1"
"388822819";"295070";"Indomitable Creativity";"Indomitable Creativity";"PAER";"Aether Revolt: Promos";"1.66";"1";"NM";"X";"";"";"";"";"1";"1"
"388822822";"295069";"Lightning Runner";"Lightning Runner";"PAER";"Aether Revolt: Promos";"0.68";"1";"NM";"X";"";"";"";"";"1";"1"
"388822808";"295072";"Mechanized Production";"Mechanized Production";"PAER";"Aether Revolt: Promos";"2.33";"1";"NM";"X";"";"";"";"";"1";"1"
"388822846";"295065";"Paradox Engine";"Paradox Engine";"PAER";"Aether Revolt: Promos";"21.97";"1";"NM";"X";"";"";"";"";"1";"1"
"388822848";"295064";"Planar Bridge";"Planar Bridge";"PAER";"Aether Revolt: Promos";"4.12";"1";"NM";"X";"";"";"";"";"1";"1"
"388822837";"295074";"Tezzeret the Schemer";"Tezzeret the Schemer";"PAER";"Aether Revolt: Promos";"7.25";"1";"NM";"X";"";"";"";"";"1";"1"
"388822797";"295022";"Aethergeode Miner";"Aethergeode Miner";"PAER";"Aether Revolt: Promos";"0.37";"1";"NM";"X";"";"";"";"";"1";"1"
"388822838";"295054";"Aethersphere Harvester";"Aethersphere Harvester";"PAER";"Aether Revolt: Promos";"1.27";"1";"NM";"X";"";"";"";"";"1";"1"
"388822804";"295028";"Aethertide Whale";"Aethertide Whale";"PAER";"Aether Revolt: Promos";"0.39";"1";"NM";"X";"";"";"";"";"1";"1"
"388822827";"295046";"Aid from the Cowl";"Aid from the Cowl";"PAER";"Aether Revolt: Promos";"0.53";"1";"NM";"X";"";"";"";"";"1";"1"
"388822805";"295029";"Baral, Chief of Compliance";"Baral, Chief of Compliance";"PAER";"Aether Revolt: Promos";"7.47";"1";"NM";"X";"";"";"";"";"1";"1"
"388822806";"295030";"Baral's Expertise";"Baral's Expertise";"PAER";"Aether Revolt: Promos";"1.52";"1";"NM";"X";"";"";"";"";"1";"1"
"388822811";"295034";"Battle at the Bridge";"Battle at the Bridge";"PAER";"Aether Revolt: Promos";"0.64";"1";"NM";"X";"";"";"";"";"1";"1"
"388822798";"295023";"Call for Unity";"Call for Unity";"PAER";"Aether Revolt: Promos";"0.27";"1";"NM";"X";"";"";"";"";"1";"1"
"388822799";"295024";"Consulate Crackdown";"Consulate Crackdown";"PAER";"Aether Revolt: Promos";"0.47";"1";"NM";"X";"";"";"";"";"1";"1"
"388822834";"295052";"Dark Intimations";"Dark Intimations";"PAER";"Aether Revolt: Promos";"0.69";"1";"NM";"X";"";"";"";"";"1";"1"
"388822807";"295031";"Disallow";"Disallow";"PAER";"Aether Revolt: Promos";"4.47";"1";"NM";"X";"";"";"";"";"1";"1"
"388822818";"295040";"Freejam Regent";"Freejam Regent";"PAER";"Aether Revolt: Promos";"0.40";"1";"NM";"X";"";"";"";"";"1";"1"
"388822812";"295035";"Glint-Sleeve Siphoner";"Glint-Sleeve Siphoner";"PAER";"Aether Revolt: Promos";"1.69";"1";"NM";"X";"";"";"";"";"1";"1"
"388822828";"295047";"Greenbelt Rampager";"Greenbelt Rampager";"PAER";"Aether Revolt: Promos";"0.73";"1";"NM";"X";"";"";"";"";"1";"1"
"388822829";"295048";"Greenwheel Liberator";"Greenwheel Liberator";"PAER";"Aether Revolt: Promos";"0.72";"1";"NM";"X";"";"";"";"";"1";"1"
"388822830";"295049";"Heroic Intervention";"Heroic Intervention";"PAER";"Aether Revolt: Promos";"5.94";"1";"NM";"X";"";"";"";"";"1";"1"
"388822841";"295055";"Hope of Ghirapur";"Hope of Ghirapur";"PAER";"Aether Revolt: Promos";"1.94";"1";"NM";"X";"";"";"";"";"1";"1"
"388822842";"295056";"Inspiring Statuary";"Inspiring Statuary";"PAER";"Aether Revolt: Promos";"0.99";"1";"NM";"X";"";"";"";"";"1";"1"
"388822820";"295041";"Kari Zev, Skyship Raider";"Kari Zev, Skyship Raider";"PAER";"Aether Revolt: Promos";"1.13";"1";"NM";"X";"";"";"";"";"1";"1"
"388822821";"295042";"Kari Zev's Expertise";"Kari Zev's Expertise";"PAER";"Aether Revolt: Promos";"1.54";"1";"NM";"X";"";"";"";"";"1";"1"
"388822843";"295057";"Lifecrafter's Bestiary";"Lifecrafter's Bestiary";"PAER";"Aether Revolt: Promos";"3.43";"1";"NM";"X";"";"";"";"";"1";"1"
"388822844";"295058";"Merchant's Dockhand";"Merchant's Dockhand";"PAER";"Aether Revolt: Promos";"0.37";"1";"NM";"X";"";"";"";"";"1";"1"
"388822845";"295059";"Metallic Mimic";"Metallic Mimic";"PAER";"Aether Revolt: Promos";"6.06";"1";"NM";"X";"";"";"";"";"1";"1"
"388822814";"295036";"Midnight Entourage";"Midnight Entourage";"PAER";"Aether Revolt: Promos";"0.46";"1";"NM";"X";"";"";"";"";"1";"1"
"388822836";"295053";"Oath of Ajani";"Oath of Ajani";"PAER";"Aether Revolt: Promos";"1.38";"1";"NM";"X";"";"";"";"";"1";"1"
"388822847";"295060";"Peacewalker Colossus";"Peacewalker Colossus";"PAER";"Aether Revolt: Promos";"0.31";"1";"NM";"X";"";"";"";"";"1";"1"
"388822823";"295043";"Pia's Revolution";"Pia's Revolution";"PAER";"Aether Revolt: Promos";"0.79";"1";"NM";"X";"";"";"";"";"1";"1"
"388822824";"295044";"Quicksmith Rebel";"Quicksmith Rebel";"PAER";"Aether Revolt: Promos";"0.27";"1";"NM";"X";"";"";"";"";"1";"1"
"388822809";"295032";"Quicksmith Spy";"Quicksmith Spy";"PAER";"Aether Revolt: Promos";"0.35";"1";"NM";"X";"";"";"";"";"1";"1"
"388822825";"295045";"Release the Gremlins";"Release the Gremlins";"PAER";"Aether Revolt: Promos";"0.68";"1";"NM";"X";"";"";"";"";"1";"1"
"388822831";"295050";"Rishkar, Peema Renegade";"Rishkar, Peema Renegade";"PAER";"Aether Revolt: Promos";"2.29";"1";"NM";"X";"";"";"";"";"1";"1"
"388822832";"295051";"Rishkar's Expertise";"Rishkar's Expertise";"PAER";"Aether Revolt: Promos";"1.34";"1";"NM";"X";"";"";"";"";"1";"1"
"388822849";"295061";"Scrap Trawler";"Scrap Trawler";"PAER";"Aether Revolt: Promos";"1.06";"1";"NM";"X";"";"";"";"";"1";"1"
"388822815";"295037";"Secret Salvage";"Secret Salvage";"PAER";"Aether Revolt: Promos";"0.32";"1";"NM";"X";"";"";"";"";"1";"1"
"388822801";"295025";"Solemn Recruit";"Solemn Recruit";"PAER";"Aether Revolt: Promos";"0.54";"1";"NM";"X";"";"";"";"";"1";"1"
"388822851";"295063";"Spire of Industry";"Spire of Industry";"PAER";"Aether Revolt: Promos";"6.60";"1";"NM";"X";"";"";"";"";"1";"1"
"388822802";"295026";"Sram, Senior Edificer";"Sram, Senior Edificer";"PAER";"Aether Revolt: Promos";"2.19";"1";"NM";"X";"";"";"";"";"1";"1"
"388822803";"295027";"Sram's Expertise";"Sram's Expertise";"PAER";"Aether Revolt: Promos";"1.14";"1";"NM";"X";"";"";"";"";"1";"1"
"388822850";"295062";"Walking Ballista";"Walking Ballista";"PAER";"Aether Revolt: Promos";"31.65";"1";"NM";"X";"";"";"";"";"1";"1"
"388822810";"295033";"Whir of Invention";"Whir of Invention";"PAER";"Aether Revolt: Promos";"4.66";"1";"NM";"X";"";"";"";"";"1";"1"
"388822816";"295038";"Yahenni, Undying Partisan";"Yahenni, Undying Partisan";"PAER";"Aether Revolt: Promos";"2.35";"1";"NM";"X";"";"";"";"";"1";"1"
"388822817";"295039";"Yahenni's Expertise";"Yahenni's Expertise";"PAER";"Aether Revolt: Promos";"1.32";"1";"NM";"X";"";"";"";"";"1";"1"
"388822741";"256803";"Antoine Ruel";"Antoine Ruel";"PC05";"2005 Player Cards";"0.28";"1";"NM";"";"";"";"";"";"1";"1"
"388822742";"256804";"Anton Jonsson";"Anton Jonsson";"PC05";"2005 Player Cards";"0.23";"1";"NM";"";"";"";"";"";"1";"1"
"388822743";"256805";"Antonino De Rosa";"Antonino De Rosa";"PC05";"2005 Player Cards";"0.24";"1";"NM";"";"";"";"";"";"1";"1"
"388822744";"256806";"Bob Maher";"Bob Maher";"PC05";"2005 Player Cards";"0.02";"1";"NM";"";"";"";"";"";"1";"1"
"388822745";"256807";"Brian Kibler";"Brian Kibler";"PC05";"2005 Player Cards";"0.39";"1";"NM";"";"";"";"";"";"1";"1"
"388822746";"256808";"Dave Humpherys";"Dave Humpherys";"PC05";"2005 Player Cards";"0.13";"1";"NM";"";"";"";"";"";"1";"1"
"388822747";"256809";"Eugene Harvey";"Eugene Harvey";"PC05";"2005 Player Cards";"0.24";"1";"NM";"";"";"";"";"";"1";"1"
"388822748";"256810";"Gabriel Nassif";"Gabriel Nassif";"PC05";"2005 Player Cards";"0.14";"1";"NM";"";"";"";"";"";"1";"1"
"388822749";"256811";"Itaru Ishida";"Itaru Ishida";"PC05";"2005 Player Cards";"0.08";"1";"NM";"";"";"";"";"";"1";"1"
"388822750";"256812";"Jeroen Remie";"Jeroen Remie";"PC05";"2005 Player Cards";"0.06";"1";"NM";"";"";"";"";"";"1";"1"
"388822751";"256813";"Jose Barbero";"Jose Barbero";"PC05";"2005 Player Cards";"0.12";"1";"NM";"";"";"";"";"";"1";"1"
"388822752";"256814";"Julien Nuijten";"Julien Nuijten";"PC05";"2005 Player Cards";"0.21";"1";"NM";"";"";"";"";"";"1";"1"
"388822753";"256815";"Kai Budde";"Kai Budde";"PC05";"2005 Player Cards";"0.25";"1";"NM";"";"";"";"";"";"1";"1"
"388822754";"256816";"Kamiel Cornelissen";"Kamiel Cornelissen";"PC05";"2005 Player Cards";"0.10";"1";"NM";"";"";"";"";"";"1";"1"
"388822755";"256817";"Masahiko Morita";"Masahiko Morita";"PC05";"2005 Player Cards";"0.16";"1";"NM";"";"";"";"";"";"1";"1"
"388822756";"256818";"Masashi Oiso";"Masashi Oiso";"PC05";"2005 Player Cards";"0.15";"1";"NM";"";"";"";"";"";"1";"1"
"388822757";"256819";"Masashiro Kuroda";"Masashiro Kuroda";"PC05";"2005 Player Cards";"0.21";"1";"NM";"";"";"";"";"";"1";"1"
"388822758";"256820";"Murray Evans";"Murray Evans";"PC05";"2005 Player Cards";"0.06";"1";"NM";"";"";"";"";"";"1";"1"
"388822759";"256821";"Olivier Ruel";"Olivier Ruel";"PC05";"2005 Player Cards";"0.26";"1";"NM";"";"";"";"";"";"1";"1"
"388822760";"256822";"Osyp Lebedowicz";"Osyp Lebedowicz";"PC05";"2005 Player Cards";"0.17";"1";"NM";"";"";"";"";"";"1";"1"
"388822761";"256823";"Pierre Canali";"Pierre Canali";"PC05";"2005 Player Cards";"0.04";"1";"NM";"";"";"";"";"";"1";"1"
"388822762";"256824";"Raphael Levy";"Raphael Levy";"PC05";"2005 Player Cards";"0.29";"1";"NM";"";"";"";"";"";"1";"1"
"388822763";"256825";"Terry Soh";"Terry Soh";"PC05";"2005 Player Cards";"0.14";"1";"NM";"";"";"";"";"";"1";"1"
"388822764";"256826";"Tim Aten";"Tim Aten";"PC05";"2005 Player Cards";"0.24";"1";"NM";"";"";"";"";"";"1";"1"
"388822765";"256827";"Tsuyoshi Fujita";"Tsuyoshi Fujita";"PC05";"2005 Player Cards";"0.21";"1";"NM";"";"";"";"";"";"1";"1"